Date,MSFT,SP500,VIX
2015-04-01,34.73656463623047,2059.68994140625,15.109999656677246
2015-04-02,34.36977005004883,2066.9599609375,14.670000076293945
2015-04-06,35.44460678100586,2080.6201171875,14.739999771118164
2015-04-07,35.42755126953125,2076.330078125,14.779999732971191
2015-04-08,35.33370590209961,2081.89990234375,13.979999542236328
2015-04-09,35.384910583496094,2091.179931640625,13.09000015258789
2015-04-10,35.58963394165039,2102.06005859375,12.579999923706055
2015-04-13,35.623748779296875,2092.429931640625,13.9399995803833
2015-04-14,35.52991485595703,2095.840087890625,13.670000076293945
2015-04-15,36.0502815246582,2106.6298828125,12.84000015258789
2015-04-16,35.96499252319336,2104.989990234375,12.600000381469727
2015-04-17,35.50432205200195,2081.179931640625,13.890000343322754
2015-04-20,36.604766845703125,2100.39990234375,13.300000190734863
2015-04-21,36.37444305419922,2097.2900390625,13.25
2015-04-22,36.67302322387695,2107.9599609375,12.710000038146973
2015-04-23,36.97159194946289,2112.929931640625,12.479999542236328
2015-04-24,40.835941314697266,2117.68994140625,12.289999961853027
2015-04-27,40.97243881225586,2108.919921875,13.119999885559082
2015-04-28,41.9363899230957,2114.760009765625,12.40999984741211
2015-04-29,41.851097106933594,2106.85009765625,13.390000343322754
2015-04-30,41.4928092956543,2085.510009765625,14.550000190734863
2015-05-01,41.509857177734375,2108.2900390625,12.699999809265137
2015-05-04,41.15157699584961,2114.489990234375,12.850000381469727
2015-05-05,40.60562515258789,2089.4599609375,14.3100004196167
2015-05-06,39.47957229614258,2080.14990234375,15.149999618530273
2015-05-07,39.837867736816406,2088.0,15.130000114440918
2015-05-08,40.73357391357422,2116.10009765625,12.859999656677246
2015-05-11,40.40940475463867,2105.330078125,13.850000381469727
2015-05-12,40.392356872558594,2099.1201171875,13.859999656677246
2015-05-13,40.631221771240234,2098.47998046875,13.760000228881836
2015-05-14,41.56105041503906,2121.10009765625,12.739999771118164
2015-05-15,41.20276641845703,2122.72998046875,12.380000114440918
2015-05-18,40.95535659790039,2129.199951171875,12.729999542236328
2015-05-19,40.85234069824219,2127.830078125,12.850000381469727
2015-05-20,40.85234069824219,2125.85009765625,12.880000114440918
2015-05-21,40.71495819091797,2130.820068359375,12.109999656677246
2015-05-22,40.26850509643555,2126.06005859375,12.130000114440918
2015-05-26,40.00233459472656,2104.199951171875,14.0600004196167
2015-05-27,40.87808609008789,2123.47998046875,13.270000457763672
2015-05-28,40.74071502685547,2120.7900390625,13.3100004196167
2015-05-29,40.23414993286133,2107.389892578125,13.84000015258789
2015-06-01,40.55183029174805,2111.72998046875,13.970000267028809
2015-06-02,40.28565979003906,2109.60009765625,14.239999771118164
2015-06-03,40.22555923461914,2114.070068359375,13.65999984741211
2015-06-04,39.80484390258789,2095.840087890625,14.710000038146973
2015-06-05,39.61595153808594,2092.830078125,14.210000038146973
2015-06-08,39.26393127441406,2079.280029296875,15.289999961853027
2015-06-09,39.19523620605469,2080.14990234375,14.470000267028809
2015-06-10,40.019500732421875,2105.199951171875,13.220000267028809
2015-06-11,39.87353515625,2108.860107421875,12.850000381469727
2015-06-12,39.46998977661133,2094.110107421875,13.779999732971191
2015-06-15,39.049285888671875,2084.429931640625,15.390000343322754
2015-06-16,39.34978103637695,2096.2900390625,14.8100004196167
2015-06-17,39.46998977661133,2100.43994140625,14.5
2015-06-18,40.11393737792969,2121.239990234375,13.1899995803833
2015-06-19,39.581607818603516,2109.989990234375,13.960000038146973
2015-06-22,39.693241119384766,2122.85009765625,12.739999771118164
2015-06-23,39.41846466064453,2124.199951171875,12.109999656677246
2015-06-24,39.1866455078125,2108.580078125,13.260000228881836
2015-06-25,39.19523620605469,2102.31005859375,14.010000228881836
2015-06-26,38.86037063598633,2101.489990234375,14.020000457763672
2015-06-29,38.096221923828125,2057.639892578125,18.850000381469727
2015-06-30,37.907325744628906,2063.110107421875,18.229999542236328
2015-07-01,38.16490936279297,2077.419921875,16.09000015258789
2015-07-02,38.121986389160156,2076.780029296875,16.790000915527344
2015-07-06,38.11338806152344,2068.760009765625,17.010000228881836
2015-07-07,38.03611373901367,2081.340087890625,16.09000015258789
2015-07-08,37.98461151123047,2046.6800537109375,19.65999984741211
2015-07-09,38.22502136230469,2051.31005859375,19.969999313354492
2015-07-10,38.302284240722656,2076.6201171875,16.829999923706055
2015-07-13,39.10078811645508,2099.60009765625,13.899999618530273
2015-07-14,39.169471740722656,2108.949951171875,13.369999885559082
2015-07-15,39.289676666259766,2107.39990234375,13.229999542236328
2015-07-16,40.06243133544922,2124.2900390625,12.109999656677246
2015-07-17,40.028072357177734,2126.639892578125,11.949999809265137
2015-07-20,40.28565979003906,2128.280029296875,12.25
2015-07-21,40.59476852416992,2119.2099609375,12.220000267028809
2015-07-22,39.10078811645508,2114.14990234375,12.119999885559082
2015-07-23,39.59019470214844,2102.14990234375,12.640000343322754
2015-07-24,39.444217681884766,2079.64990234375,13.739999771118164
2015-07-27,38.937644958496094,2067.639892578125,15.600000381469727
2015-07-28,38.92906951904297,2093.25,13.4399995803833
2015-07-29,39.74474334716797,2108.570068359375,12.5
2015-07-30,40.251319885253906,2108.6298828125,12.130000114440918
2015-07-31,40.096763610839844,2103.840087890625,12.119999885559082
2015-08-03,40.19121551513672,2098.0400390625,12.5600004196167
2015-08-04,40.817996978759766,2093.320068359375,13.0
2015-08-05,40.85234069824219,2099.840087890625,12.510000228881836
2015-08-06,40.028072357177734,2083.56005859375,13.770000457763672
2015-08-07,40.13112258911133,2077.570068359375,13.390000343322754
2015-08-10,40.63768005371094,2104.179931640625,12.229999542236328
2015-08-11,39.8477783203125,2084.070068359375,13.710000038146973
2015-08-12,40.13112258911133,2086.050048828125,13.609999656677246
2015-08-13,40.12253189086914,2083.389892578125,13.489999771118164
2015-08-14,40.35435104370117,2091.5400390625,12.829999923706055
2015-08-17,40.62910842895508,2102.43994140625,13.020000457763672
2015-08-18,40.853816986083984,2096.919921875,13.789999961853027
2015-08-19,40.28339385986328,2079.610107421875,15.25
2015-08-20,39.46234893798828,2035.72998046875,19.139999389648438
2015-08-21,37.223899841308594,1970.8900146484375,28.030000686645508
2015-08-24,36.02255630493164,1893.2099609375,40.7400016784668
2015-08-25,34.97681427001953,1867.6099853515625,36.02000045776367
2015-08-26,36.91276931762695,1940.510009765625,30.31999969482422
2015-08-27,37.94123458862305,1987.6600341796875,26.100000381469727
2015-08-28,37.967166900634766,1988.8699951171875,26.049999237060547
2015-08-31,37.61281967163086,1972.1800537109375,28.43000030517578
2015-09-01,36.14356994628906,1913.8499755859375,31.399999618530273
2015-09-02,37.47454071044922,1948.8599853515625,26.09000015258789
2015-09-03,37.59553909301758,1951.1300048828125,25.610000610351562
2015-09-04,36.82633590698242,1921.219970703125,27.799999237060547
2015-09-08,37.932586669921875,1969.4100341796875,24.899999618530273
2015-09-09,37.223899841308594,1942.0400390625,26.229999542236328
2015-09-10,37.41402816772461,1952.2900390625,24.3700008392334
2015-09-11,37.5782470703125,1961.050048828125,23.200000762939453
2015-09-14,37.197967529296875,1953.030029296875,24.25
2015-09-15,38.010379791259766,1978.0899658203125,22.540000915527344
2015-09-16,38.28693389892578,1995.31005859375,21.350000381469727
2015-09-17,38.24372863769531,1990.199951171875,21.139999389648438
2015-09-18,37.5782470703125,1958.030029296875,22.280000686645508
2015-09-21,38.12272644042969,1966.969970703125,20.139999389648438
2015-09-22,37.94123458862305,1942.739990234375,22.440000534057617
2015-09-23,37.915313720703125,1938.760009765625,22.1299991607666
2015-09-24,37.94989013671875,1932.239990234375,23.469999313354492
2015-09-25,37.97581481933594,1931.3399658203125,23.6200008392334
2015-09-28,37.41402816772461,1881.77001953125,27.6299991607666
2015-09-29,37.543670654296875,1884.0899658203125,26.829999923706055
2015-09-30,38.25237274169922,1920.030029296875,24.5
2015-10-01,38.554866790771484,1923.8199462890625,22.549999237060547
2015-10-02,39.38456726074219,1951.3599853515625,20.940000534057617
2015-10-05,40.30068588256836,1987.050048828125,19.540000915527344
2015-10-06,40.40439224243164,1979.9200439453125,19.399999618530273
2015-10-07,40.4476203918457,1995.8299560546875,18.399999618530273
2015-10-08,41.00938415527344,2013.4300537109375,17.420000076293945
2015-10-09,40.71553421020508,2014.8900146484375,17.079999923706055
2015-10-12,40.6204719543457,2017.4599609375,16.170000076293945
2015-10-13,40.525386810302734,2003.68994140625,17.670000076293945
2015-10-14,40.343902587890625,1994.239990234375,18.030000686645508
2015-10-15,40.62911605834961,2023.8599853515625,16.049999237060547
2015-10-16,41.061214447021484,2033.1099853515625,15.050000190734863
2015-10-19,41.15630340576172,2033.6600341796875,14.979999542236328
2015-10-20,41.28596115112305,2030.77001953125,15.75
2015-10-21,40.79330825805664,2018.93994140625,16.700000762939453
2015-10-22,41.510658264160156,2052.510009765625,14.449999809265137
2015-10-23,45.693695068359375,2075.14990234375,14.460000038146973
2015-10-26,46.886383056640625,2071.179931640625,15.289999961853027
2015-10-27,46.40238952636719,2065.889892578125,15.430000305175781
2015-10-28,46.65303421020508,2090.35009765625,14.329999923706055
2015-10-29,46.117183685302734,2089.409912109375,14.609999656677246
2015-10-30,45.49491500854492,2079.360107421875,15.069999694824219
2015-11-02,46.01347351074219,2104.050048828125,14.149999618530273
2015-11-03,46.799964904785156,2109.7900390625,14.539999961853027
2015-11-04,47.016014099121094,2102.31005859375,15.510000228881836
2015-11-05,46.998741149902344,2099.929931640625,15.050000190734863
2015-11-06,47.46543884277344,2099.199951171875,14.329999923706055
2015-11-09,46.8086051940918,2078.580078125,16.520000457763672
2015-11-10,46.246826171875,2081.719970703125,15.289999961853027
2015-11-11,46.36783218383789,2075.0,16.059999465942383
2015-11-12,46.08263397216797,2045.969970703125,18.3700008392334
2015-11-13,45.66776657104492,2023.0400390625,20.079999923706055
2015-11-16,46.471534729003906,2053.18994140625,18.15999984741211
2015-11-17,46.08869552612305,2050.43994140625,18.84000015258789
2015-11-18,46.854373931884766,2083.580078125,16.850000381469727
2015-11-19,46.93268585205078,2081.239990234375,16.989999771118164
2015-11-20,47.15020751953125,2089.169921875,15.470000267028809
2015-11-23,47.15020751953125,2086.590087890625,15.619999885559082
2015-11-24,47.20241165161133,2089.139892578125,15.930000305175781
2015-11-25,46.71515655517578,2088.8701171875,15.1899995803833
2015-11-27,46.923973083496094,2090.110107421875,15.119999885559082
2015-11-30,47.28943634033203,2080.409912109375,16.1299991607666
2015-12-01,48.04640197753906,2102.6298828125,14.670000076293945
2015-12-02,48.03770446777344,2079.510009765625,15.90999984741211
2015-12-03,47.158905029296875,2049.6201171875,18.110000610351562
2015-12-04,48.64677429199219,2091.68994140625,14.8100004196167
2015-12-07,48.559757232666016,2077.070068359375,15.84000015258789
2015-12-08,48.5423469543457,2063.590087890625,17.600000381469727
2015-12-09,47.837581634521484,2047.6199951171875,19.610000610351562
2015-12-10,48.08990478515625,2052.22998046875,19.34000015258789
2015-12-11,47.0370979309082,2012.3699951171875,24.389999389648438
2015-12-14,47.976802825927734,2021.93994140625,22.729999542236328
2015-12-15,48.02901077270508,2043.4100341796875,20.950000762939453
2015-12-16,48.83818817138672,2073.070068359375,17.860000610351562
2015-12-17,48.46404266357422,2041.8900146484375,18.940000534057617
2015-12-18,47.09800338745117,2005.550048828125,20.700000762939453
2015-12-21,47.707069396972656,2021.1500244140625,18.700000762939453
2015-12-22,48.15951919555664,2038.969970703125,16.600000381469727
2015-12-23,48.56844711303711,2064.2900390625,15.569999694824219
2015-12-24,48.43793869018555,2060.989990234375,15.739999771118164
2015-12-28,48.68156051635742,2056.5,16.90999984741211
2015-12-29,49.20362091064453,2078.360107421875,16.079999923706055
2015-12-30,48.99479675292969,2063.360107421875,17.290000915527344
2015-12-31,48.27261734008789,2043.93994140625,18.209999084472656
2016-01-04,47.68096160888672,2012.6600341796875,20.700000762939453
2016-01-05,47.89847946166992,2016.7099609375,19.34000015258789
2016-01-06,47.02839660644531,1990.260009765625,20.59000015258789
2016-01-07,45.39262008666992,1943.0899658203125,24.989999771118164
2016-01-08,45.531837463378906,1922.030029296875,27.010000228881836
2016-01-11,45.5057373046875,1923.6700439453125,24.299999237060547
2016-01-12,45.92338180541992,1938.6800537109375,22.469999313354492
2016-01-13,44.931480407714844,1890.280029296875,25.219999313354492
2016-01-14,46.21051788330078,1921.8399658203125,23.950000762939453
2016-01-15,44.36592483520508,1880.3299560546875,27.020000457763672
2016-01-19,43.991783142089844,1881.3299560546875,26.049999237060547
2016-01-20,44.19190216064453,1859.3299560546875,27.59000015258789
2016-01-21,43.92217254638672,1868.989990234375,26.690000534057617
2016-01-22,45.49702835083008,1906.9000244140625,22.34000015258789
2016-01-25,45.061988830566406,1877.0799560546875,24.149999618530273
2016-01-26,45.39262008666992,1903.6300048828125,22.5
2016-01-27,44.5660400390625,1882.949951171875,23.110000610351562
2016-01-28,45.29692077636719,1893.3599853515625,22.420000076293945
2016-01-29,47.93330383300781,1940.239990234375,20.200000762939453
2016-02-01,47.60265350341797,1939.3800048828125,19.979999542236328
2016-02-02,46.11479568481445,1903.030029296875,21.979999542236328
2016-02-03,45.38391876220703,1912.530029296875,21.649999618530273
2016-02-04,45.24471664428711,1915.449951171875,21.84000015258789
2016-02-05,43.64373779296875,1880.050048828125,23.3799991607666
2016-02-08,42.99117660522461,1853.43994140625,26.0
2016-02-09,42.87806701660156,1852.2099609375,26.540000915527344
2016-02-10,43.25221252441406,1851.8599853515625,26.290000915527344
2016-02-11,43.234798431396484,1829.0799560546875,28.139999389648438
2016-02-12,43.9395751953125,1864.780029296875,25.399999618530273
2016-02-16,44.7721061706543,1895.5799560546875,24.110000610351562
2016-02-17,45.9376335144043,1926.8199462890625,22.309999465942383
2016-02-18,45.73606491088867,1917.8299560546875,21.639999389648438
2016-02-19,45.41182327270508,1917.780029296875,20.530000686645508
2016-02-22,46.139183044433594,1945.5,19.3799991607666
2016-02-23,44.8509635925293,1921.27001953125,20.979999542236328
2016-02-24,45.00871276855469,1929.800048828125,20.719999313354492
2016-02-25,45.657203674316406,1951.699951171875,19.110000610351562
2016-02-26,44.956119537353516,1948.050048828125,19.809999465942383
2016-02-29,44.588077545166016,1932.22998046875,20.549999237060547
2016-03-01,46.07783508300781,1978.3499755859375,17.700000762939453
2016-03-02,46.402076721191406,1986.449951171875,17.09000015258789
2016-03-03,45.876277923583984,1993.4000244140625,16.700000762939453
2016-03-04,45.59585189819336,1999.989990234375,16.860000610351562
2016-03-07,44.71949768066406,2001.760009765625,17.350000381469727
2016-03-08,45.26285934448242,1979.260009765625,18.670000076293945
2016-03-09,46.30568313598633,1989.260009765625,18.34000015258789
2016-03-10,45.613380432128906,1989.5699462890625,18.049999237060547
2016-03-11,46.507232666015625,2022.18994140625,16.5
2016-03-14,46.5948600769043,2019.6400146484375,16.920000076293945
2016-03-15,46.962928771972656,2015.9300537109375,16.84000015258789
2016-03-16,47.62895202636719,2027.219970703125,14.989999771118164
2016-03-17,47.9006233215332,2040.5899658203125,14.4399995803833
2016-03-18,46.87530517578125,2049.580078125,14.020000457763672
2016-03-21,47.199554443359375,2051.60009765625,13.789999961853027
2016-03-22,47.38357925415039,2049.800048828125,14.170000076293945
2016-03-23,47.29594421386719,2036.7099609375,14.9399995803833
2016-03-24,47.506263732910156,2035.93994140625,14.739999771118164
2016-03-28,46.91912841796875,2037.050048828125,15.239999771118164
2016-03-29,47.9444465637207,2055.010009765625,13.819999694824219
2016-03-30,48.24237823486328,2063.949951171875,13.5600004196167
2016-03-31,48.40012741088867,2059.739990234375,13.949999809265137
2016-04-01,48.698089599609375,2072.780029296875,13.100000381469727
2016-04-04,48.575401306152344,2066.1298828125,14.119999885559082
2016-04-05,47.812984466552734,2045.1700439453125,15.420000076293945
2016-04-06,48.30372619628906,2066.659912109375,14.09000015258789
2016-04-07,47.7253532409668,2041.9100341796875,16.15999984741211
2016-04-08,47.690303802490234,2047.5999755859375,15.359999656677246
2016-04-11,47.59389877319336,2041.989990234375,16.260000228881836
2016-04-12,47.891849517822266,2061.719970703125,14.850000381469727
2016-04-13,48.50529861450195,2082.419921875,13.84000015258789
2016-04-14,48.51405715942383,2082.780029296875,13.720000267028809
2016-04-15,48.7681999206543,2080.72998046875,13.619999885559082
2016-04-18,49.478023529052734,2094.340087890625,13.350000381469727
2016-04-19,49.41667175292969,2100.800048828125,13.239999771118164
2016-04-20,48.715614318847656,2102.39990234375,13.279999732971191
2016-04-21,48.88211441040039,2091.47998046875,13.949999809265137
2016-04-22,45.376766204833984,2091.580078125,13.220000267028809
2016-04-25,45.66594314575195,2087.7900390625,14.079999923706055
2016-04-26,45.07880401611328,2091.699951171875,13.960000038146973
2016-04-27,44.64064025878906,2095.14990234375,13.770000457763672
2016-04-28,43.72924041748047,2075.81005859375,15.220000267028809
2016-04-29,43.70295333862305,2065.300048828125,15.699999809265137
2016-05-02,44.3514518737793,2081.429931640625,14.680000305175781
2016-05-03,43.624080657958984,2063.3701171875,15.600000381469727
2016-05-04,43.70295333862305,2051.1201171875,16.049999237060547
2016-05-05,43.76430892944336,2050.6298828125,15.90999984741211
2016-05-06,44.158653259277344,2057.139892578125,14.720000267028809
2016-05-09,43.878231048583984,2058.68994140625,14.569999694824219
2016-05-10,44.71074295043945,2084.389892578125,13.630000114440918
2016-05-11,44.73703384399414,2064.4599609375,14.6899995803833
2016-05-12,45.1401481628418,2064.110107421875,14.40999984741211
2016-05-13,44.76332473754883,2046.6099853515625,15.039999961853027
2016-05-16,45.42059326171875,2066.659912109375,14.680000305175781
2016-05-17,44.57341384887695,2047.2099609375,15.569999694824219
2016-05-18,44.83816146850586,2047.6300048828125,15.949999809265137
2016-05-19,44.40574264526367,2040.0400390625,16.329999923706055
2016-05-20,44.67048263549805,2052.320068359375,15.199999809265137
2016-05-23,44.149837493896484,2048.0400390625,15.819999694824219
2016-05-24,45.52648162841797,2076.06005859375,14.420000076293945
2016-05-25,45.99419403076172,2090.5400390625,13.899999618530273
2016-05-26,45.79121398925781,2090.10009765625,13.430000305175781
2016-05-27,46.170684814453125,2099.06005859375,13.119999885559082
2016-05-31,46.7707633972168,2096.949951171875,14.1899995803833
2016-06-01,46.63837432861328,2099.330078125,14.199999809265137
2016-06-02,46.31187057495117,2105.260009765625,13.630000114440918
2016-06-03,45.702964782714844,2099.1298828125,13.470000267028809
2016-06-06,46.003021240234375,2109.409912109375,13.649999618530273
2016-06-07,45.97653579711914,2112.1298828125,14.050000190734863
2016-06-08,45.923587799072266,2119.1201171875,14.079999923706055
2016-06-09,45.552955627441406,2115.47998046875,14.640000343322754
2016-06-10,45.42941665649414,2096.070068359375,17.030000686645508
2016-06-13,44.24690246582031,2079.06005859375,20.969999313354492
2016-06-14,43.97334289550781,2075.320068359375,20.5
2016-06-15,43.84978103637695,2071.5,20.139999389648438
2016-06-16,44.46752166748047,2077.989990234375,19.3700008392334
2016-06-17,44.23808670043945,2071.219970703125,19.40999984741211
2016-06-20,44.185123443603516,2083.25,18.3700008392334
2016-06-21,45.173484802246094,2088.89990234375,18.479999542236328
2016-06-22,44.997005462646484,2085.449951171875,21.170000076293945
2016-06-23,45.808868408203125,2113.320068359375,17.25
2016-06-24,43.97334289550781,2037.4100341796875,25.760000228881836
2016-06-27,42.73787307739258,2000.5400390625,23.850000381469727
2016-06-28,43.62916946411133,2036.0899658203125,18.75
2016-06-29,44.59989547729492,2070.77001953125,16.639999389648438
2016-06-30,45.15584182739258,2098.860107421875,15.630000114440918
2016-07-01,45.147010803222656,2102.949951171875,14.770000457763672
2016-07-05,45.15584182739258,2088.550048828125,15.579999923706055
2016-07-06,45.34115982055664,2099.72998046875,14.960000038146973
2016-07-07,45.34115982055664,2097.89990234375,14.760000228881836
2016-07-08,46.15303421020508,2129.89990234375,13.199999809265137
2016-07-11,46.40895462036133,2137.159912109375,13.539999961853027
2016-07-12,46.95606994628906,2152.139892578125,13.550000190734863
2016-07-13,47.220821380615234,2152.429931640625,13.039999961853027
2016-07-14,47.42377853393555,2163.75,12.819999694824219
2016-07-15,47.388492584228516,2161.739990234375,12.670000076293945
2016-07-18,47.617923736572266,2166.889892578125,12.4399995803833
2016-07-19,46.85017776489258,2163.780029296875,11.970000267028809
2016-07-20,49.33873748779297,2173.02001953125,11.770000457763672
2016-07-21,49.24166488647461,2165.169921875,12.739999771118164
2016-07-22,49.92116165161133,2175.030029296875,12.020000457763672
2016-07-25,50.062347412109375,2168.47998046875,12.869999885559082
2016-07-26,50.08882522583008,2169.179931640625,13.050000190734863
2016-07-27,49.5858154296875,2166.580078125,12.829999923706055
2016-07-28,49.60347366333008,2170.06005859375,12.720000267028809
2016-07-29,50.01824951171875,2173.60009765625,11.869999885559082
2016-08-01,49.92999267578125,2170.840087890625,12.4399995803833
2016-08-02,49.92999267578125,2157.030029296875,13.369999885559082
2016-08-03,50.27415466308594,2163.7900390625,12.859999656677246
2016-08-04,50.64479064941406,2164.25,12.420000076293945
2016-08-05,51.14779281616211,2182.8701171875,11.390000343322754
2016-08-08,51.23604202270508,2180.889892578125,11.5
2016-08-09,51.3596076965332,2181.739990234375,11.65999984741211
2016-08-10,51.20073699951172,2175.489990234375,12.050000190734863
2016-08-11,51.44783020019531,2185.7900390625,11.680000305175781
2016-08-12,51.13014602661133,2184.050048828125,11.550000190734863
2016-08-15,51.28898620605469,2190.14990234375,11.8100004196167
2016-08-16,51.00483322143555,2178.14990234375,12.640000343322754
2016-08-17,51.111412048339844,2182.219970703125,12.1899995803833
2016-08-18,51.146907806396484,2187.02001953125,11.430000305175781
2016-08-19,51.1646728515625,2183.8701171875,11.34000015258789
2016-08-22,51.20907974243164,2182.639892578125,12.270000457763672
2016-08-23,51.4044303894043,2186.89990234375,12.380000114440918
2016-08-24,51.45769119262695,2175.43994140625,13.449999809265137
2016-08-25,51.653053283691406,2172.469970703125,13.630000114440918
2016-08-26,51.52873611450195,2169.0400390625,13.649999618530273
2016-08-29,51.590904235839844,2180.3798828125,12.9399995803833
2016-08-30,51.4044303894043,2176.1201171875,13.119999885559082
2016-08-31,51.02260208129883,2170.949951171875,13.420000076293945
2016-09-01,51.138038635253906,2170.860107421875,13.479999542236328
2016-09-02,51.20907974243164,2179.97998046875,11.979999542236328
2016-09-06,51.15579605102539,2186.47998046875,12.020000457763672
2016-09-07,51.20020294189453,2186.159912109375,11.9399995803833
2016-09-08,50.9959602355957,2181.300048828125,12.510000228881836
2016-09-09,49.91264724731445,2127.81005859375,17.5
2016-09-12,50.65853500366211,2159.0400390625,15.15999984741211
2016-09-13,50.19679260253906,2127.02001953125,17.850000381469727
2016-09-14,49.957035064697266,2125.77001953125,18.139999389648438
2016-09-15,50.78285598754883,2147.260009765625,16.299999237060547
2016-09-16,50.836116790771484,2139.159912109375,15.369999885559082
2016-09-19,50.551979064941406,2139.1201171875,15.529999732971191
2016-09-20,50.4454231262207,2139.760009765625,15.920000076293945
2016-09-21,51.28898620605469,2163.1201171875,13.300000190734863
2016-09-22,51.34226989746094,2177.179931640625,12.020000457763672
2016-09-23,50.9959602355957,2164.68994140625,12.289999961853027
2016-09-26,50.52534103393555,2146.10009765625,14.5
2016-09-27,51.45769119262695,2159.929931640625,13.100000381469727
2016-09-28,51.52873611450195,2171.3701171875,12.390000343322754
2016-09-29,50.969322204589844,2151.1298828125,14.020000457763672
2016-09-30,51.146907806396484,2168.27001953125,13.289999961853027
2016-10-03,50.98707962036133,2161.199951171875,13.569999694824219
2016-10-04,50.827247619628906,2150.489990234375,13.630000114440918
2016-10-05,51.18242645263672,2159.72998046875,12.989999771118164
2016-10-06,51.271236419677734,2160.77001953125,12.84000015258789
2016-10-07,51.32449722290039,2153.739990234375,13.479999542236328
2016-10-10,51.53762435913086,2163.659912109375,13.380000114440918
2016-10-11,50.78285598754883,2136.72998046875,15.359999656677246
2016-10-12,50.7118034362793,2139.179931640625,15.90999984741211
2016-10-13,50.543094635009766,2132.550048828125,16.690000534057617
2016-10-14,50.98707962036133,2132.97998046875,16.1200008392334
2016-10-17,50.80949783325195,2126.5,16.209999084472656
2016-10-18,51.20020294189453,2139.60009765625,15.279999732971191
2016-10-19,51.084754943847656,2144.2900390625,14.40999984741211
2016-10-20,50.836116790771484,2141.340087890625,13.75
2016-10-21,52.976131439208984,2141.159912109375,13.34000015258789
2016-10-24,54.1660041809082,2151.330078125,13.020000457763672
2016-10-25,54.15711975097656,2143.159912109375,13.460000038146973
2016-10-26,53.837459564208984,2139.429931640625,14.239999771118164
2016-10-27,53.366825103759766,2133.0400390625,15.359999656677246
2016-10-28,53.1626091003418,2126.409912109375,16.190000534057617
2016-10-31,53.206993103027344,2126.14990234375,17.059999465942383
2016-11-01,53.10044479370117,2111.719970703125,18.559999465942383
2016-11-02,52.77189254760742,2097.93994140625,19.31999969482422
2016-11-03,52.5765380859375,2088.659912109375,22.079999923706055
2016-11-04,52.132568359375,2085.179931640625,22.510000228881836
2016-11-07,53.650978088378906,2131.52001953125,18.709999084472656
2016-11-08,53.69538116455078,2139.56005859375,18.739999771118164
2016-11-09,53.42898941040039,2163.260009765625,14.380000114440918
2016-11-10,52.12368392944336,2167.47998046875,14.739999771118164
2016-11-11,52.407833099365234,2164.449951171875,14.170000076293945
2016-11-14,51.6086540222168,2164.199951171875,14.479999542236328
2016-11-15,52.627784729003906,2180.389892578125,13.369999885559082
2016-11-16,53.32505416870117,2176.93994140625,13.720000267028809
2016-11-17,54.21010208129883,2187.1201171875,13.350000381469727
2016-11-18,53.950836181640625,2181.89990234375,12.850000381469727
2016-11-21,54.40677261352539,2198.179931640625,12.420000076293945
2016-11-22,54.63919448852539,2202.93994140625,12.40999984741211
2016-11-23,53.99555969238281,2204.719970703125,12.430000305175781
2016-11-25,54.111751556396484,2213.35009765625,12.34000015258789
2016-11-28,54.18327331542969,2201.719970703125,13.149999618530273
2016-11-29,54.61238479614258,2204.659912109375,12.899999618530273
2016-11-30,53.870391845703125,2198.81005859375,13.329999923706055
2016-12-01,52.92277908325195,2191.080078125,14.069999694824219
2016-12-02,52.967498779296875,2191.949951171875,14.119999885559082
2016-12-05,53.83463668823242,2204.7099609375,12.140000343322754
2016-12-06,53.593257904052734,2212.22998046875,11.789999961853027
2016-12-07,54.86268615722656,2241.35009765625,12.220000267028809
2016-12-08,54.54085922241211,2246.18994140625,12.640000343322754
2016-12-09,55.399078369140625,2259.530029296875,11.75
2016-12-12,55.57786178588867,2256.9599609375,12.640000343322754
2016-12-13,56.301979064941406,2271.719970703125,12.720000267028809
2016-12-14,56.03378677368164,2253.280029296875,13.1899995803833
2016-12-15,55.94438552856445,2262.030029296875,12.789999961853027
2016-12-16,55.69407272338867,2258.070068359375,12.199999809265137
2016-12-19,56.87411117553711,2262.530029296875,11.710000038146973
2016-12-20,56.802589416503906,2270.760009765625,11.449999809265137
2016-12-21,56.802589416503906,2265.179931640625,11.270000457763672
2016-12-22,56.81153869628906,2260.9599609375,11.430000305175781
2016-12-23,56.53440475463867,2263.7900390625,11.4399995803833
2016-12-27,56.57016372680664,2268.8798828125,11.989999771118164
2016-12-28,56.31092071533203,2249.919921875,12.949999809265137
2016-12-29,56.23045349121094,2249.260009765625,13.369999885559082
2016-12-30,55.55104064941406,2238.830078125,14.039999961853027
2017-01-03,55.94438552856445,2257.830078125,12.850000381469727
2017-01-04,55.69407272338867,2270.75,11.850000381469727
2017-01-05,55.69407272338867,2269.0,11.670000076293945
2017-01-06,56.176822662353516,2276.97998046875,11.319999694824219
2017-01-09,55.998016357421875,2268.89990234375,11.5600004196167
2017-01-10,55.98015594482422,2268.89990234375,11.489999771118164
2017-01-11,56.489707946777344,2275.320068359375,11.260000228881836
2017-01-12,55.9712028503418,2270.43994140625,11.539999961853027
2017-01-13,56.05166244506836,2274.639892578125,11.229999542236328
2017-01-17,55.89969253540039,2267.889892578125,11.869999885559082
2017-01-18,55.872867584228516,2271.889892578125,12.479999542236328
2017-01-19,55.69407272338867,2263.68994140625,12.779999732971191
2017-01-20,56.08743667602539,2271.31005859375,11.539999961853027
2017-01-23,56.284088134765625,2265.199951171875,11.770000457763672
2017-01-24,56.78470230102539,2280.070068359375,11.069999694824219
2017-01-25,56.927757263183594,2298.3701171875,10.8100004196167
2017-01-26,57.4552001953125,2296.679931640625,10.630000114440918
2017-01-27,58.80508804321289,2294.68994140625,10.579999923706055
2017-01-30,58.223995208740234,2280.89990234375,11.880000114440918
2017-01-31,57.79490280151367,2278.8701171875,11.989999771118164
2017-02-01,56.83836364746094,2279.550048828125,11.8100004196167
2017-02-02,56.47183609008789,2280.85009765625,11.930000305175781
2017-02-03,56.927757263183594,2297.419921875,10.970000267028809
2017-02-06,56.89200210571289,2292.56005859375,11.369999885559082
2017-02-07,56.70426940917969,2293.080078125,11.289999961853027
2017-02-08,56.62381362915039,2294.669921875,11.449999809265137
2017-02-09,57.26746368408203,2307.8701171875,10.880000114440918
2017-02-10,57.21383285522461,2316.10009765625,10.850000381469727
2017-02-13,57.85747528076172,2328.25,11.069999694824219
2017-02-14,58.073326110839844,2337.580078125,10.739999771118164
2017-02-15,58.03734588623047,2349.25,11.970000267028809
2017-02-16,58.02835464477539,2347.219970703125,11.760000228881836
2017-02-17,58.118309020996094,2351.159912109375,11.489999771118164
2017-02-21,58.001373291015625,2365.3798828125,11.569999694824219
2017-02-22,57.88446044921875,2362.820068359375,11.739999771118164
2017-02-23,58.118309020996094,2363.81005859375,11.710000038146973
2017-02-24,58.118309020996094,2367.340087890625,11.470000267028809
2017-02-27,57.767539978027344,2369.75,12.09000015258789
2017-02-28,57.542701721191406,2363.639892578125,12.920000076293945
2017-03-01,58.406097412109375,2395.9599609375,12.539999961853027
2017-03-02,57.56968307495117,2381.919921875,11.8100004196167
2017-03-03,57.785526275634766,2383.1201171875,10.960000038146973
2017-03-06,57.80352020263672,2375.31005859375,11.239999771118164
2017-03-07,57.920440673828125,2368.389892578125,11.449999809265137
2017-03-08,58.45108413696289,2362.97998046875,11.859999656677246
2017-03-09,58.217247009277344,2364.8701171875,12.300000190734863
2017-03-10,58.397098541259766,2372.60009765625,11.65999984741211
2017-03-13,58.19925308227539,2373.469970703125,11.350000381469727
2017-03-14,57.929439544677734,2365.449951171875,12.300000190734863
2017-03-15,58.2352180480957,2385.260009765625,11.630000114440918
2017-03-16,58.136295318603516,2381.3798828125,11.210000038146973
2017-03-17,58.34314727783203,2378.25,11.279999732971191
2017-03-20,58.397098541259766,2373.469970703125,11.34000015258789
2017-03-21,57.74956130981445,2344.02001953125,12.470000267028809
2017-03-22,58.487037658691406,2348.449951171875,12.8100004196167
2017-03-23,58.34314727783203,2345.9599609375,13.119999885559082
2017-03-24,58.442081451416016,2343.97998046875,12.960000038146973
2017-03-27,58.54999923706055,2341.590087890625,12.5
2017-03-28,58.72087478637695,2358.570068359375,11.529999732971191
2017-03-29,58.882789611816406,2361.1298828125,11.420000076293945
2017-03-30,59.098628997802734,2368.06005859375,11.539999961853027
2017-03-31,59.233543395996094,2362.719970703125,12.369999885559082
2017-04-03,58.95473098754883,2358.840087890625,12.380000114440918
2017-04-04,59.11660385131836,2360.159912109375,11.789999961853027
2017-04-05,58.96371078491211,2352.949951171875,12.890000343322754
2017-04-06,59.11660385131836,2357.489990234375,12.390000343322754
2017-04-07,59.07164001464844,2355.5400390625,12.869999885559082
2017-04-10,58.936737060546875,2357.159912109375,14.050000190734863
2017-04-11,58.89177703857422,2353.780029296875,15.069999694824219
2017-04-12,58.66691589355469,2344.929931640625,15.770000457763672
2017-04-13,58.41508483886719,2328.949951171875,15.960000038146973
2017-04-17,58.89177703857422,2349.010009765625,14.65999984741211
2017-04-18,58.810821533203125,2342.18994140625,14.420000076293945
2017-04-19,58.49604797363281,2338.169921875,14.930000305175781
2017-04-20,58.90977096557617,2355.840087890625,14.149999618530273
2017-04-21,59.71921157836914,2348.68994140625,14.630000114440918
2017-04-24,60.735504150390625,2374.14990234375,10.84000015258789
2017-04-25,61.086280822753906,2388.610107421875,10.760000228881836
2017-04-26,61.005332946777344,2387.449951171875,10.850000381469727
2017-04-27,61.401039123535156,2388.77001953125,10.359999656677246
2017-04-28,61.571929931640625,2384.199951171875,10.819999694824219
2017-05-01,62.42636489868164,2388.330078125,10.109999656677246
2017-05-02,62.327423095703125,2391.169921875,10.59000015258789
2017-05-03,62.129573822021484,2388.1298828125,10.680000305175781
2017-05-04,61.88671875,2389.52001953125,10.460000038146973
2017-05-05,62.057621002197266,2399.2900390625,10.569999694824219
2017-05-08,62.003662109375,2399.3798828125,9.770000457763672
2017-05-09,62.093597412109375,2396.919921875,9.960000038146973
2017-05-10,62.336429595947266,2399.6298828125,10.210000038146973
2017-05-11,61.571929931640625,2394.43994140625,10.600000381469727
2017-05-12,61.49998474121094,2390.89990234375,10.399999618530273
2017-05-15,61.54497528076172,2402.320068359375,10.420000076293945
2017-05-16,62.78418731689453,2400.669921875,10.649999618530273
2017-05-17,61.03841781616211,2357.030029296875,15.59000015258789
2017-05-18,61.2464714050293,2365.719970703125,14.65999984741211
2017-05-19,61.22836685180664,2381.72998046875,12.039999961853027
2017-05-22,61.91582107543945,2394.02001953125,10.930000305175781
2017-05-23,62.12387466430664,2398.419921875,10.720000267028809
2017-05-24,62.20526123046875,2404.389892578125,10.020000457763672
2017-05-25,62.97411346435547,2415.070068359375,9.989999771118164
2017-05-26,63.281673431396484,2415.820068359375,9.8100004196167
2017-05-30,63.688716888427734,2412.909912109375,10.380000114440918
2017-05-31,63.173118591308594,2411.800048828125,10.40999984741211
2017-06-01,63.4083137512207,2430.06005859375,9.890000343322754
2017-06-02,64.90985107421875,2439.070068359375,9.75
2017-06-05,65.38020324707031,2436.10009765625,10.069999694824219
2017-06-06,65.59729766845703,2429.330078125,10.449999809265137
2017-06-07,65.47972106933594,2433.139892578125,10.390000343322754
2017-06-08,65.08169555664062,2433.7900390625,10.15999984741211
2017-06-09,63.607303619384766,2431.77001953125,10.699999809265137
2017-06-12,63.11885070800781,2429.389892578125,11.460000038146973
2017-06-13,63.90581512451172,2440.35009765625,10.420000076293945
2017-06-14,63.56208801269531,2437.919921875,10.640000343322754
2017-06-15,63.22740936279297,2432.4599609375,10.899999618530273
2017-06-16,63.3178596496582,2433.14990234375,10.380000114440918
2017-06-19,64.10482025146484,2453.4599609375,10.369999885559082
2017-06-20,63.236454010009766,2437.030029296875,10.859999656677246
2017-06-21,63.56208801269531,2435.610107421875,10.75
2017-06-22,63.55304718017578,2434.5,10.479999542236328
2017-06-23,64.41233825683594,2438.300048828125,10.020000457763672
2017-06-26,63.797271728515625,2439.070068359375,9.899999618530273
2017-06-27,62.60329055786133,2419.3798828125,11.0600004196167
2017-06-28,63.13697052001953,2440.68994140625,10.029999732971191
2017-06-29,61.95199966430664,2419.699951171875,11.4399995803833
2017-06-30,62.349998474121094,2423.409912109375,11.180000305175781
2017-07-03,61.66254806518555,2429.010009765625,11.220000267028809
2017-07-05,62.485694885253906,2432.5400390625,11.069999694824219
2017-07-06,62.02436447143555,2409.75,12.539999961853027
2017-07-07,62.82938766479492,2425.179931640625,11.1899995803833
2017-07-10,63.29977798461914,2427.429931640625,11.109999656677246
2017-07-11,63.30881118774414,2425.530029296875,10.890000343322754
2017-07-12,64.35806274414062,2443.25,10.300000190734863
2017-07-13,64.9189224243164,2447.830078125,9.899999618530273
2017-07-14,65.83251190185547,2459.27001953125,9.510000228881836
2017-07-17,66.34809112548828,2459.139892578125,9.819999694824219
2017-07-18,66.3028564453125,2460.610107421875,9.890000343322754
2017-07-19,66.80940246582031,2473.830078125,9.789999961853027
2017-07-20,67.13501739501953,2473.449951171875,9.579999923706055
2017-07-21,66.7460708618164,2472.5400390625,9.359999656677246
2017-07-24,66.57420349121094,2469.909912109375,9.430000305175781
2017-07-25,67.10789489746094,2477.1298828125,9.430000305175781
2017-07-26,66.98125457763672,2477.830078125,9.600000381469727
2017-07-27,66.17621612548828,2475.419921875,10.109999656677246
2017-07-28,66.06768798828125,2472.10009765625,10.289999961853027
2017-07-31,65.76013946533203,2470.300048828125,10.260000228881836
2017-08-01,65.65156555175781,2476.35009765625,10.09000015258789
2017-08-02,65.36213684082031,2477.570068359375,10.279999732971191
2017-08-03,65.26260375976562,2472.159912109375,10.4399995803833
2017-08-04,65.74201202392578,2476.830078125,10.029999732971191
2017-08-07,65.48875427246094,2480.909912109375,9.930000305175781
2017-08-08,65.84153747558594,2474.919921875,10.960000038146973
2017-08-09,65.55208587646484,2474.02001953125,11.109999656677246
2017-08-10,64.59326171875,2438.2099609375,16.040000915527344
2017-08-11,65.57923126220703,2441.320068359375,15.510000228881836
2017-08-14,66.56515502929688,2465.840087890625,12.329999923706055
2017-08-15,66.58334350585938,2464.610107421875,12.039999961853027
2017-08-16,66.97437286376953,2468.110107421875,11.739999771118164
2017-08-17,65.83768463134766,2430.010009765625,15.550000190734863
2017-08-18,65.91951751708984,2425.550048828125,14.260000228881836
2017-08-21,65.61033630371094,2428.3701171875,13.1899995803833
2017-08-22,66.5287857055664,2452.510009765625,11.350000381469727
2017-08-23,66.128662109375,2444.0400390625,12.25
2017-08-24,66.10138702392578,2438.969970703125,12.229999542236328
2017-08-25,66.21961975097656,2443.050048828125,11.279999732971191
2017-08-28,66.22870635986328,2444.239990234375,11.319999694824219
2017-08-29,66.42874908447266,2446.300048828125,11.699999809265137
2017-08-30,67.3017349243164,2457.590087890625,11.220000267028809
2017-08-31,67.99285888671875,2471.64990234375,10.59000015258789
2017-09-01,67.23809814453125,2476.550048828125,10.130000114440918
2017-09-05,66.93799591064453,2457.85009765625,12.229999542236328
2017-09-06,66.7470474243164,2465.5400390625,11.630000114440918
2017-09-07,67.60181427001953,2465.10009765625,11.550000190734863
2017-09-08,67.27445983886719,2461.429931640625,12.119999885559082
2017-09-11,67.9837417602539,2488.110107421875,10.729999542236328
2017-09-12,67.91102600097656,2496.47998046875,10.579999923706055
2017-09-13,68.3929672241211,2498.3701171875,10.5
2017-09-14,67.99285888671875,2495.6201171875,10.4399995803833
2017-09-15,68.4839096069336,2500.22998046875,10.170000076293945
2017-09-18,68.34750366210938,2503.8701171875,10.149999618530273
2017-09-19,68.60213470458984,2506.64990234375,10.180000305175781
2017-09-20,68.14745330810547,2508.239990234375,9.779999732971191
2017-09-21,67.48362731933594,2500.60009765625,9.670000076293945
2017-09-22,67.66548919677734,2502.219970703125,9.59000015258789
2017-09-25,66.61971282958984,2496.659912109375,10.210000038146973
2017-09-26,66.61971282958984,2496.840087890625,10.170000076293945
2017-09-27,67.15625,2507.0400390625,9.869999885559082
2017-09-28,67.17444610595703,2510.06005859375,9.550000190734863
2017-09-29,67.73822021484375,2519.360107421875,9.510000228881836
2017-10-02,67.84736633300781,2529.1201171875,9.449999809265137
2017-10-03,67.52909088134766,2534.580078125,9.510000228881836
2017-10-04,67.92011260986328,2537.739990234375,9.630000114440918
2017-10-05,69.08407592773438,2552.070068359375,9.1899995803833
2017-10-06,69.11138153076172,2549.330078125,9.649999618530273
2017-10-09,69.37510681152344,2544.72998046875,10.329999923706055
2017-10-10,69.37510681152344,2550.639892578125,10.079999923706055
2017-10-11,69.49331665039062,2555.239990234375,9.850000381469727
2017-10-12,70.1298599243164,2550.929931640625,9.90999984741211
2017-10-13,70.46632385253906,2553.169921875,9.609999656677246
2017-10-16,70.61182403564453,2557.639892578125,9.90999984741211
2017-10-17,70.55723571777344,2559.360107421875,10.3100004196167
2017-10-18,70.57542419433594,2561.260009765625,10.069999694824219
2017-10-19,70.84827423095703,2562.10009765625,10.050000190734863
2017-10-20,71.66667938232422,2575.2099609375,9.970000267028809
2017-10-23,71.68485260009766,2564.97998046875,11.069999694824219
2017-10-24,71.71215057373047,2569.1298828125,11.15999984741211
2017-10-25,71.50299072265625,2557.14990234375,11.229999542236328
2017-10-26,71.62120819091797,2560.39990234375,11.300000190734863
2017-10-27,76.21348571777344,2581.070068359375,9.800000190734863
2017-10-30,76.2862319946289,2572.830078125,10.5
2017-10-31,75.64057159423828,2575.260009765625,10.180000305175781
2017-11-01,75.64057159423828,2579.360107421875,10.199999809265137
2017-11-02,76.43170928955078,2579.85009765625,9.930000305175781
2017-11-03,76.51356506347656,2587.840087890625,9.140000343322754
2017-11-06,76.81365966796875,2591.1298828125,9.399999618530273
2017-11-07,76.63176727294922,2590.639892578125,9.890000343322754
2017-11-08,76.89549255371094,2594.3798828125,9.779999732971191
2017-11-09,76.46809387207031,2584.6201171875,10.5
2017-11-10,76.2680435180664,2582.300048828125,11.289999961853027
2017-11-13,76.32257843017578,2584.840087890625,11.5
2017-11-14,76.43170928955078,2578.8701171875,11.59000015258789
2017-11-15,75.83765411376953,2564.6201171875,13.130000114440918
2017-11-16,76.03874206542969,2585.639892578125,11.760000228881836
2017-11-17,75.30757904052734,2578.85009765625,11.430000305175781
2017-11-20,75.42639923095703,2582.139892578125,10.649999618530273
2017-11-21,76.51398468017578,2599.030029296875,9.729999542236328
2017-11-22,75.95647430419922,2597.080078125,9.880000114440918
2017-11-24,76.09355926513672,2602.419921875,9.670000076293945
2017-11-27,76.65106201171875,2601.419921875,9.869999885559082
2017-11-28,77.57413482666016,2627.0400390625,10.029999732971191
2017-11-29,76.16667938232422,2626.070068359375,10.699999809265137
2017-11-30,76.92524719238281,2647.580078125,11.279999732971191
2017-12-01,77.00749969482422,2642.219970703125,11.430000305175781
2017-12-04,74.1011962890625,2639.43994140625,11.680000305175781
2017-12-05,74.56729888916016,2629.570068359375,11.329999923706055
2017-12-06,75.65487670898438,2629.27001953125,11.020000457763672
2017-12-07,75.38983154296875,2636.97998046875,10.15999984741211
2017-12-08,76.91609954833984,2651.5,9.579999923706055
2017-12-11,77.89399719238281,2659.989990234375,9.34000015258789
2017-12-12,78.21388244628906,2664.110107421875,9.920000076293945
2017-12-13,78.0036849975586,2662.85009765625,10.180000305175781
2017-12-14,77.40048217773438,2652.010009765625,10.489999771118164
2017-12-15,79.37456512451172,2675.81005859375,9.420000076293945
2017-12-18,78.94499206542969,2690.159912109375,9.529999732971191
2017-12-19,78.4423828125,2681.469970703125,10.029999732971191
2017-12-20,78.15904998779297,2679.25,9.720000267028809
2017-12-21,78.14076232910156,2684.570068359375,9.619999885559082
2017-12-22,78.1499252319336,2683.340087890625,9.899999618530273
2017-12-26,78.04936981201172,2680.5,10.25
2017-12-27,78.33268737792969,2682.6201171875,10.470000267028809
2017-12-28,78.34183502197266,2687.5400390625,10.180000305175781
2017-12-29,78.17733001708984,2673.610107421875,11.039999961853027
2018-01-02,78.55203247070312,2695.81005859375,9.770000457763672
2018-01-03,78.91759490966797,2713.06005859375,9.149999618530273
2018-01-04,79.61219024658203,2723.989990234375,9.220000267028809
2018-01-05,80.59922790527344,2743.14990234375,9.220000267028809
2018-01-08,80.68150329589844,2747.7099609375,9.520000457763672
2018-01-09,80.62663269042969,2751.2900390625,10.079999923706055
2018-01-10,80.26107025146484,2748.22998046875,9.819999694824219
2018-01-11,80.49867248535156,2767.56005859375,9.880000114440918
2018-01-12,81.88787078857422,2786.239990234375,10.15999984741211
2018-01-16,80.74547576904297,2776.419921875,11.65999984741211
2018-01-17,82.38139343261719,2802.56005859375,11.90999984741211
2018-01-18,82.3448715209961,2798.030029296875,12.220000267028809
2018-01-19,82.25345611572266,2810.300048828125,11.270000457763672
2018-01-22,83.72486877441406,2832.969970703125,11.029999732971191
2018-01-23,83.98990631103516,2839.1298828125,11.100000381469727
2018-01-24,83.91680145263672,2837.5400390625,11.470000267028809
2018-01-25,84.38286590576172,2839.25,11.579999923706055
2018-01-26,85.96395111083984,2872.8701171875,11.079999923706055
2018-01-29,85.83602905273438,2853.530029296875,13.84000015258789
2018-01-30,84.75759887695312,2822.429931640625,14.789999961853027
2018-01-31,86.83222198486328,2823.81005859375,13.539999961853027
2018-02-01,86.14679718017578,2821.97998046875,13.470000267028809
2018-02-02,83.88021850585938,2762.1298828125,17.309999465942383
2018-02-05,80.42558288574219,2648.93994140625,37.31999969482422
2018-02-06,83.46895599365234,2695.139892578125,29.979999542236328
2018-02-07,81.89698791503906,2681.659912109375,27.729999542236328
2018-02-08,77.69294738769531,2581.0,33.459999084472656
2018-02-09,80.59010314941406,2619.550048828125,29.059999465942383
2018-02-12,81.45831298828125,2656.0,25.610000610351562
2018-02-13,82.09806823730469,2662.93994140625,24.969999313354492
2018-02-14,83.38355255126953,2698.6298828125,19.260000228881836
2018-02-15,85.08229064941406,2731.199951171875,19.1299991607666
2018-02-16,84.47628021240234,2732.219970703125,19.459999084472656
2018-02-20,85.13738250732422,2716.260009765625,20.600000381469727
2018-02-21,84.00796508789062,2701.330078125,20.020000457763672
2018-02-22,84.22837829589844,2703.9599609375,18.719999313354492
2018-02-23,86.36779022216797,2747.300048828125,16.489999771118164
2018-02-26,87.6165771484375,2779.60009765625,15.800000190734863
2018-02-27,86.49635314941406,2744.280029296875,18.59000015258789
2018-02-28,86.10151672363281,2713.830078125,19.850000381469727
2018-03-01,85.25672912597656,2677.669921875,22.469999313354492
2018-03-02,85.44037628173828,2691.25,19.59000015258789
2018-03-05,85.98213958740234,2720.93994140625,18.729999542236328
2018-03-06,85.68829345703125,2728.1201171875,18.360000610351562
2018-03-07,86.18414306640625,2726.800048828125,17.760000228881836
2018-03-08,86.7075424194336,2738.969970703125,16.540000915527344
2018-03-09,88.64498901367188,2786.570068359375,14.640000343322754
2018-03-12,88.85615539550781,2783.02001953125,15.779999732971191
2018-03-13,86.6891860961914,2765.31005859375,16.350000381469727
2018-03-14,86.17498779296875,2749.47998046875,17.229999542236328
2018-03-15,86.47797393798828,2747.330078125,16.59000015258789
2018-03-16,86.8636245727539,2752.010009765625,15.800000190734863
2018-03-19,85.29348754882812,2712.919921875,19.020000457763672
2018-03-20,85.51383972167969,2716.93994140625,18.200000762939453
2018-03-21,84.9170150756836,2711.929931640625,17.860000610351562
2018-03-22,82.44699096679688,2643.68994140625,23.34000015258789
2018-03-23,80.05043029785156,2588.260009765625,24.8700008392334
2018-03-26,86.11067962646484,2658.550048828125,21.030000686645508
2018-03-27,82.15316009521484,2612.6201171875,22.5
2018-03-28,82.07969665527344,2605.0,22.8700008392334
2018-03-29,83.80596923828125,2640.8701171875,19.969999313354492
2018-04-02,81.28083801269531,2581.8798828125,23.6200008392334
2018-04-03,82.37354278564453,2614.449951171875,21.100000381469727
2018-04-04,84.77928161621094,2644.68994140625,20.059999465942383
2018-04-05,84.82518005371094,2662.840087890625,18.940000534057617
2018-04-06,82.85101318359375,2604.469970703125,21.489999771118164
2018-04-09,83.3468246459961,2613.159912109375,21.770000457763672
2018-04-10,85.2842788696289,2656.8701171875,20.469999313354492
2018-04-11,84.34770202636719,2642.18994140625,20.239999771118164
2018-04-12,85.92704772949219,2663.989990234375,18.489999771118164
2018-04-13,85.46792602539062,2656.300048828125,17.40999984741211
2018-04-16,86.46879577636719,2677.840087890625,16.559999465942383
2018-04-17,88.21340942382812,2706.389892578125,15.25
2018-04-18,88.55317687988281,2708.639892578125,15.600000381469727
2018-04-19,88.25015258789062,2693.1298828125,15.960000038146973
2018-04-20,87.23091888427734,2670.139892578125,16.8799991607666
2018-04-23,87.55229949951172,2670.2900390625,16.34000015258789
2018-04-24,85.5046615600586,2634.56005859375,18.020000457763672
2018-04-25,84.76091766357422,2639.39990234375,17.84000015258789
2018-04-26,86.55145263671875,2666.93994140625,16.239999771118164
2018-04-27,87.98384857177734,2669.909912109375,15.40999984741211
2018-04-30,85.87194061279297,2648.050048828125,15.930000305175781
2018-05-01,87.23091888427734,2654.800048828125,15.489999771118164
2018-05-02,85.86278533935547,2635.669921875,15.970000267028809
2018-05-03,86.37698364257812,2629.72998046875,15.899999618530273
2018-05-04,87.37786102294922,2663.419921875,14.770000457763672
2018-05-07,88.35113525390625,2672.6298828125,14.75
2018-05-08,87.97466278076172,2671.919921875,14.710000038146973
2018-05-09,89.01227569580078,2697.7900390625,13.420000076293945
2018-05-10,89.90296173095703,2723.070068359375,13.229999542236328
2018-05-11,89.71009826660156,2727.719970703125,12.649999618530273
2018-05-14,90.01314544677734,2730.1298828125,12.930000305175781
2018-05-15,89.36117553710938,2711.449951171875,14.630000114440918
2018-05-16,89.59174346923828,2722.4599609375,13.420000076293945
2018-05-17,88.69721221923828,2720.1298828125,13.430000305175781
2018-05-18,88.86320495605469,2712.969970703125,13.420000076293945
2018-05-21,90.00672149658203,2733.010009765625,13.079999923706055
2018-05-22,89.91449737548828,2724.43994140625,13.220000267028809
2018-05-23,90.98426055908203,2733.2900390625,12.579999923706055
2018-05-24,90.66149139404297,2727.760009765625,12.529999732971191
2018-05-25,90.70761108398438,2721.330078125,13.220000267028809
2018-05-29,90.38484954833984,2689.860107421875,17.020000457763672
2018-05-30,91.25169372558594,2724.010009765625,14.9399995803833
2018-05-31,91.15025329589844,2705.27001953125,15.430000305175781
2018-06-01,92.94856262207031,2734.6201171875,13.460000038146973
2018-06-04,93.76007080078125,2746.8701171875,12.739999771118164
2018-06-05,94.2396240234375,2748.800048828125,12.399999618530273
2018-06-06,94.51628112792969,2772.35009765625,11.640000343322754
2018-06-07,93.03154754638672,2770.3701171875,12.130000114440918
2018-06-08,93.72319793701172,2779.030029296875,12.180000305175781
2018-06-11,93.18831634521484,2782.0,12.350000381469727
2018-06-12,93.42809295654297,2786.85009765625,12.34000015258789
2018-06-13,93.00389099121094,2775.6298828125,12.9399995803833
2018-06-14,93.529541015625,2782.489990234375,12.119999885559082
2018-06-15,92.33989715576172,2779.659912109375,11.979999542236328
2018-06-18,93.01310729980469,2773.75,12.3100004196167
2018-06-19,93.01310729980469,2762.590087890625,13.350000381469727
2018-06-20,93.94450378417969,2767.320068359375,12.789999961853027
2018-06-21,93.27130889892578,2749.760009765625,14.640000343322754
2018-06-22,92.59810638427734,2754.8798828125,13.770000457763672
2018-06-25,90.73526000976562,2717.070068359375,17.329999923706055
2018-06-26,91.37158203125,2723.06005859375,15.920000076293945
2018-06-27,89.95140075683594,2699.6298828125,17.90999984741211
2018-06-28,90.95661163330078,2716.31005859375,16.850000381469727
2018-06-29,90.93815612792969,2718.3701171875,16.09000015258789
2018-07-02,92.2292251586914,2726.7099609375,15.600000381469727
2018-07-03,91.34391784667969,2713.219970703125,16.139999389648438
2018-07-05,91.9986801147461,2736.610107421875,14.970000267028809
2018-07-06,93.28976440429688,2759.820068359375,13.369999885559082
2018-07-09,93.92607879638672,2784.169921875,12.6899995803833
2018-07-10,94.17508697509766,2793.840087890625,12.640000343322754
2018-07-11,94.04596710205078,2774.02001953125,13.630000114440918
2018-07-12,96.08403015136719,2798.2900390625,12.579999923706055
2018-07-13,97.2275619506836,2801.31005859375,12.180000305175781
2018-07-16,96.74801635742188,2798.429931640625,12.829999923706055
2018-07-17,97.70709228515625,2809.550048828125,12.0600004196167
2018-07-18,96.94168853759766,2815.6201171875,12.100000381469727
2018-07-19,96.27769470214844,2804.489990234375,12.869999885559082
2018-07-20,98.00220489501953,2801.830078125,12.859999656677246
2018-07-23,99.5699462890625,2806.97998046875,12.619999885559082
2018-07-24,99.2840805053711,2820.39990234375,12.40999984741211
2018-07-25,102.20745086669922,2846.070068359375,12.289999961853027
2018-07-26,101.09159088134766,2837.43994140625,12.140000343322754
2018-07-27,99.30252075195312,2818.820068359375,13.029999732971191
2018-07-30,97.1722183227539,2802.60009765625,14.260000228881836
2018-07-31,97.82698822021484,2816.2900390625,12.829999923706055
2018-08-01,98.01143646240234,2813.360107421875,13.149999618530273
2018-08-02,99.2010726928711,2827.219970703125,12.1899995803833
2018-08-03,99.63450622558594,2840.35009765625,11.640000343322754
2018-08-06,99.71749877929688,2850.39990234375,11.270000457763672
2018-08-07,100.40912628173828,2858.449951171875,10.930000305175781
2018-08-08,100.97169494628906,2857.699951171875,10.850000381469727
2018-08-09,101.1376724243164,2853.580078125,11.270000457763672
2018-08-10,100.5197982788086,2833.280029296875,13.15999984741211
2018-08-13,99.79127502441406,2821.929931640625,14.779999732971191
2018-08-14,101.03624725341797,2839.9599609375,13.3100004196167
2018-08-15,99.66613006591797,2818.3701171875,14.640000343322754
2018-08-16,99.64763641357422,2840.68994140625,13.449999809265137
2018-08-17,99.59207916259766,2850.1298828125,12.640000343322754
2018-08-20,98.934814453125,2857.050048828125,12.489999771118164
2018-08-21,98.11089324951172,2862.9599609375,12.859999656677246
2018-08-22,99.11067962646484,2861.820068359375,12.25
2018-08-23,99.57355499267578,2856.97998046875,12.40999984741211
2018-08-24,100.35118865966797,2874.68994140625,11.989999771118164
2018-08-27,101.46208190917969,2896.739990234375,12.15999984741211
2018-08-28,102.07308197021484,2897.52001953125,12.5
2018-08-29,103.70242309570312,2914.0400390625,12.25
2018-08-30,103.63761138916016,2901.1298828125,13.529999732971191
2018-08-31,103.98942565917969,2901.52001953125,12.859999656677246
2018-09-04,103.4154052734375,2896.719970703125,13.15999984741211
2018-09-05,100.43448638916016,2888.60009765625,13.90999984741211
2018-09-06,100.66595458984375,2878.050048828125,14.649999618530273
2018-09-07,100.17529296875,2871.679931640625,14.880000114440918
2018-09-10,101.2583999633789,2877.1298828125,14.15999984741211
2018-09-11,102.98031616210938,2887.889892578125,13.220000267028809
2018-09-12,103.4154052734375,2888.919921875,13.140000343322754
2018-09-13,104.52630615234375,2904.179931640625,12.369999885559082
2018-09-14,104.95216369628906,2904.97998046875,12.069999694824219
2018-09-17,103.81348419189453,2888.800048828125,13.680000305175781
2018-09-18,104.80404663085938,2904.31005859375,12.789999961853027
2018-09-19,103.40617370605469,2907.949951171875,11.75
2018-09-20,105.13729095458984,2930.75,11.800000190734863
2018-09-21,105.77607727050781,2929.669921875,11.680000305175781
2018-09-24,106.1556396484375,2919.3701171875,12.199999809265137
2018-09-25,105.95197296142578,2915.56005859375,12.420000076293945
2018-09-26,105.51687622070312,2905.969970703125,12.890000343322754
2018-09-27,105.91495513916016,2914.0,12.40999984741211
2018-09-28,105.87793731689453,2913.97998046875,12.119999885559082
2018-10-01,107.02584838867188,2924.590087890625,12.0
2018-10-02,106.60001373291016,2923.429931640625,12.050000190734863
2018-10-03,106.61849212646484,2925.510009765625,11.609999656677246
2018-10-04,104.41522216796875,2901.610107421875,14.220000267028809
2018-10-05,103.8042221069336,2885.570068359375,14.819999694824219
2018-10-08,102.61927795410156,2884.429931640625,15.6899995803833
2018-10-09,103.92459106445312,2880.340087890625,15.949999809265137
2018-10-10,98.27752685546875,2785.679931640625,22.959999084472656
2018-10-11,98.04609680175781,2728.3701171875,24.979999542236328
2018-10-12,101.43431854248047,2767.1298828125,21.309999465942383
2018-10-15,99.61060333251953,2750.7900390625,21.299999237060547
2018-10-16,102.75812530517578,2809.919921875,17.6200008392334
2018-10-17,102.48966217041016,2809.2099609375,17.399999618530273
2018-10-18,100.44377136230469,2768.780029296875,20.059999465942383
2018-10-19,100.59187316894531,2767.780029296875,19.889999389648438
2018-10-22,101.4898452758789,2755.8798828125,19.639999389648438
2018-10-23,100.07347106933594,2740.68994140625,20.709999084472656
2018-10-24,94.72264862060547,2656.10009765625,25.229999542236328
2018-10-25,100.25862121582031,2705.570068359375,24.219999313354492
2018-10-26,99.01810455322266,2658.68994140625,24.15999984741211
2018-10-29,96.13905334472656,2641.25,24.700000762939453
2018-10-30,96.0279312133789,2682.6298828125,23.350000381469727
2018-10-31,98.87924194335938,2711.739990234375,21.229999542236328
2018-11-01,98.05531311035156,2740.3701171875,19.34000015258789
2018-11-02,98.27752685546875,2723.06005859375,19.510000228881836
2018-11-05,99.52729034423828,2738.31005859375,19.959999084472656
2018-11-06,99.7216796875,2755.449951171875,19.90999984741211
2018-11-07,103.64683532714844,2813.889892578125,16.360000610351562
2018-11-08,103.45245361328125,2806.830078125,16.719999313354492
2018-11-09,101.43431854248047,2781.010009765625,17.360000610351562
2018-11-12,98.934814453125,2726.219970703125,20.450000762939453
2018-11-13,98.99959564208984,2722.179931640625,20.020000457763672
2018-11-14,97.59567260742188,2701.580078125,21.25
2018-11-15,99.74337768554688,2730.199951171875,19.979999542236328
2018-11-16,100.68244171142578,2736.27001953125,18.139999389648438
2018-11-19,97.27027893066406,2690.72998046875,20.100000381469727
2018-11-20,94.564697265625,2641.889892578125,22.479999542236328
2018-11-21,95.8663330078125,2649.929931640625,20.799999237060547
2018-11-23,95.82916259765625,2632.56005859375,21.520000457763672
2018-11-26,98.99029541015625,2673.449951171875,18.899999618530273
2018-11-27,99.61325073242188,2682.169921875,19.020000457763672
2018-11-28,103.31363677978516,2743.7900390625,18.489999771118164
2018-11-29,102.44898223876953,2737.800048828125,18.790000915527344
2018-11-30,103.09980010986328,2760.169921875,18.06999969482422
2018-12-03,104.21549224853516,2790.3701171875,16.440000534057617
2018-12-04,100.89627838134766,2700.06005859375,20.739999771118164
2018-12-06,101.51921844482422,2695.949951171875,21.190000534057617
2018-12-07,97.45622253417969,2633.080078125,23.229999542236328
2018-12-10,100.03160858154297,2637.719970703125,22.639999389648438
2018-12-11,100.96135711669922,2636.780029296875,21.760000228881836
2018-12-12,101.41693115234375,2651.070068359375,21.459999084472656
2018-12-13,101.76095581054688,2650.5400390625,20.649999618530273
2018-12-14,98.58122253417969,2599.949951171875,21.6299991607666
2018-12-17,95.66179656982422,2545.93994140625,24.520000457763672
2018-12-18,96.66593933105469,2546.159912109375,25.579999923706055
2018-12-19,96.40560150146484,2506.9599609375,25.579999923706055
2018-12-20,94.37875366210938,2467.419921875,28.3799991607666
2018-12-21,91.32916259765625,2416.6201171875,30.110000610351562
2018-12-24,87.51719665527344,2351.10009765625,36.06999969482422
2018-12-26,93.49549102783203,2467.699951171875,30.40999984741211
2018-12-27,94.07193756103516,2488.830078125,29.959999084472656
2018-12-28,93.3374252319336,2485.739990234375,28.34000015258789
2018-12-31,94.43453979492188,2506.85009765625,25.420000076293945
2019-01-02,94.01615905761719,2510.030029296875,23.219999313354492
2019-01-03,90.5574951171875,2447.889892578125,25.450000762939453
2019-01-04,94.76924133300781,2531.93994140625,21.3799991607666
2019-01-07,94.89010620117188,2549.68994140625,21.399999618530273
2019-01-08,95.578125,2574.409912109375,20.469999313354492
2019-01-09,96.9448471069336,2584.9599609375,19.979999542236328
2019-01-10,96.3219223022461,2596.639892578125,19.5
2019-01-11,95.578125,2596.260009765625,18.190000534057617
2019-01-14,94.8808364868164,2582.610107421875,19.06999969482422
2019-01-15,97.63289642333984,2610.300048828125,18.600000381469727
2019-01-16,97.97686767578125,2616.10009765625,19.040000915527344
2019-01-17,98.6648941040039,2635.9599609375,18.059999465942383
2019-01-18,100.14319610595703,2670.7099609375,17.799999237060547
2019-01-22,98.25579833984375,2632.89990234375,20.799999237060547
2019-01-23,99.21342468261719,2638.699951171875,19.520000457763672
2019-01-24,98.73929595947266,2642.330078125,18.889999389648438
2019-01-25,99.64111328125,2664.760009765625,17.420000076293945
2019-01-28,97.6979751586914,2643.85009765625,18.8700008392334
2019-01-29,95.70828247070312,2640.0,19.1299991607666
2019-01-30,98.9066390991211,2681.050048828125,17.65999984741211
2019-01-31,97.0936279296875,2704.10009765625,16.56999969482422
2019-02-01,95.55952453613281,2706.530029296875,16.139999389648438
2019-02-04,98.31159210205078,2724.8701171875,15.729999542236328
2019-02-05,99.68761444091797,2737.699951171875,15.569999694824219
2019-02-06,98.58122253417969,2731.610107421875,15.380000114440918
2019-02-07,97.87460327148438,2706.050048828125,16.3700008392334
2019-02-08,98.24652099609375,2707.8798828125,15.720000267028809
2019-02-11,97.85599517822266,2709.800048828125,15.970000267028809
2019-02-12,99.38079071044922,2744.72998046875,15.430000305175781
2019-02-13,99.30640411376953,2753.030029296875,15.649999618530273
2019-02-14,99.39010620117188,2745.72998046875,16.219999313354492
2019-02-15,100.61736297607422,2775.60009765625,14.90999984741211
2019-02-19,100.57086944580078,2779.760009765625,14.880000114440918
2019-02-20,100.04800415039062,2784.699951171875,14.020000457763672
2019-02-21,102.15819549560547,2774.8798828125,14.460000038146973
2019-02-22,103.61479949951172,2792.669921875,13.510000228881836
2019-02-25,104.19371032714844,2796.110107421875,14.850000381469727
2019-02-26,104.91267395019531,2793.89990234375,15.170000076293945
2019-02-27,104.73526000976562,2792.3798828125,14.699999809265137
2019-02-28,104.60453796386719,2784.489990234375,14.779999732971191
2019-03-01,105.07139587402344,2803.68994140625,13.569999694824219
2019-03-04,104.81929016113281,2792.81005859375,14.630000114440918
2019-03-05,104.29642486572266,2789.64990234375,14.739999771118164
2019-03-06,104.34310913085938,2771.449951171875,15.739999771118164
2019-03-07,103.07323455810547,2748.929931640625,16.59000015258789
2019-03-08,103.18528747558594,2743.070068359375,16.049999237060547
2019-03-11,105.3515396118164,2783.300048828125,14.329999923706055
2019-03-12,106.08915710449219,2791.52001953125,13.770000457763672
2019-03-13,106.91084289550781,2810.919921875,13.40999984741211
2019-03-14,106.99485778808594,2808.47998046875,13.5
2019-03-15,108.22737884521484,2822.47998046875,12.880000114440918
2019-03-18,109.77734375,2832.93994140625,13.100000381469727
2019-03-19,109.85203552246094,2832.570068359375,13.5600004196167
2019-03-20,109.73064422607422,2824.22998046875,13.90999984741211
2019-03-21,112.25170135498047,2854.8798828125,13.630000114440918
2019-03-22,109.29180908203125,2800.7099609375,16.479999542236328
2019-03-25,109.86138153076172,2798.360107421875,16.329999923706055
2019-03-26,110.09481811523438,2818.4599609375,14.680000305175781
2019-03-27,109.0303726196289,2805.3701171875,15.149999618530273
2019-03-28,109.17976379394531,2815.43994140625,14.430000305175781
2019-03-29,110.12281799316406,2834.39990234375,13.710000038146973
2019-04-01,111.13121795654297,2867.18994140625,13.399999618530273
2019-04-02,111.28997802734375,2867.239990234375,13.359999656677246
2019-04-03,112.01827239990234,2873.39990234375,13.739999771118164
2019-04-04,111.44871520996094,2879.389892578125,13.579999923706055
2019-04-05,111.94357299804688,2892.739990234375,12.819999694824219
2019-04-08,111.98092651367188,2895.77001953125,13.180000305175781
2019-04-09,111.37399291992188,2878.199951171875,14.279999732971191
2019-04-10,112.22367095947266,2888.2099609375,13.300000190734863
2019-04-11,112.35443878173828,2888.320068359375,13.020000457763672
2019-04-12,112.93331146240234,2907.409912109375,12.010000228881836
2019-04-15,113.02669525146484,2905.580078125,12.319999694824219
2019-04-16,112.76524353027344,2907.06005859375,12.180000305175781
2019-04-17,113.698974609375,2900.449951171875,12.600000381469727
2019-04-18,115.1928939819336,2905.030029296875,12.09000015258789
2019-04-22,115.55706787109375,2907.969970703125,12.420000076293945
2019-04-23,117.12571716308594,2933.679931640625,12.279999732971191
2019-04-24,116.72422790527344,2927.25,13.140000343322754
2019-04-25,120.58980560302734,2926.169921875,13.25
2019-04-26,121.28076934814453,2939.8798828125,12.729999542236328
2019-04-29,121.16873168945312,2943.030029296875,13.109999656677246
2019-04-30,121.94371032714844,2945.830078125,13.119999885559082
2019-05-01,119.40396881103516,2923.72998046875,14.800000190734863
2019-05-02,117.84465789794922,2917.52001953125,14.420000076293945
2019-05-03,120.35637664794922,2945.639892578125,12.869999885559082
2019-05-06,119.6561050415039,2932.469970703125,15.4399995803833
2019-05-07,117.2004165649414,2884.050048828125,19.31999969482422
2019-05-08,117.19105529785156,2879.419921875,19.399999618530273
2019-05-09,117.1817398071289,2870.719970703125,19.100000381469727
2019-05-10,118.70368957519531,2881.39990234375,16.040000915527344
2019-05-13,115.17424774169922,2811.8701171875,20.549999237060547
2019-05-14,116.46278381347656,2834.409912109375,18.059999465942383
2019-05-15,118.10282135009766,2850.9599609375,16.440000534057617
2019-05-16,120.83002471923828,2876.320068359375,15.289999961853027
2019-05-17,120.02405548095703,2859.530029296875,15.960000038146973
2019-05-20,118.290283203125,2840.22998046875,16.309999465942383
2019-05-21,118.92752075195312,2864.360107421875,14.949999809265137
2019-05-22,119.64920806884766,2856.27001953125,14.75
2019-05-23,118.25276947021484,2822.239990234375,16.920000076293945
2019-05-24,118.30900573730469,2826.06005859375,15.850000381469727
2019-05-28,118.23404693603516,2802.389892578125,17.5
2019-05-29,117.0906982421875,2783.02001953125,17.899999618530273
2019-05-30,117.83104705810547,2788.860107421875,17.299999237060547
2019-05-31,115.90985107421875,2752.06005859375,18.709999084472656
2019-06-03,112.31106567382812,2744.449951171875,18.860000610351562
2019-06-04,115.42252349853516,2803.27001953125,16.969999313354492
2019-06-05,117.92477416992188,2826.14990234375,16.09000015258789
2019-06-06,119.78975677490234,2843.489990234375,15.930000305175781
2019-06-07,123.14482116699219,2873.340087890625,16.299999237060547
2019-06-10,124.26945495605469,2886.72998046875,15.9399995803833
2019-06-11,123.80085754394531,2885.719970703125,15.989999771118164
2019-06-12,123.22918701171875,2879.840087890625,15.90999984741211
2019-06-13,124.00706481933594,2891.639892578125,15.819999694824219
2019-06-14,124.12884521484375,2886.97998046875,15.279999732971191
2019-06-17,124.50375366210938,2889.669921875,15.350000381469727
2019-06-18,126.66860961914062,2917.75,15.149999618530273
2019-06-19,127.16535186767578,2926.4599609375,14.329999923706055
2019-06-20,128.3461456298828,2954.179931640625,14.75
2019-06-21,128.36489868164062,2950.4599609375,15.399999618530273
2019-06-24,129.12399291992188,2945.35009765625,15.260000228881836
2019-06-25,125.04732513427734,2917.3798828125,16.280000686645508
2019-06-26,125.51591491699219,2913.780029296875,16.209999084472656
2019-06-27,125.72208404541016,2924.919921875,15.819999694824219
2019-06-28,125.54402923583984,2941.760009765625,15.079999923706055
2019-07-01,127.1559066772461,2964.330078125,14.0600004196167
2019-07-02,127.99943542480469,2973.010009765625,12.930000305175781
2019-07-03,128.8241729736328,2995.820068359375,12.569999694824219
2019-07-05,128.44923400878906,2990.409912109375,13.279999732971191
2019-07-08,128.35552978515625,2975.949951171875,13.960000038146973
2019-07-09,127.8869400024414,2979.6298828125,14.09000015258789
2019-07-10,129.1896209716797,2993.070068359375,13.029999732971191
2019-07-11,129.70509338378906,2999.909912109375,12.930000305175781
2019-07-12,130.1736602783203,3013.77001953125,12.390000343322754
2019-07-15,130.1736602783203,3014.300048828125,12.680000305175781
2019-07-16,128.46800231933594,3004.0400390625,12.859999656677246
2019-07-17,127.70887756347656,2984.419921875,13.970000267028809
2019-07-18,127.84941864013672,2995.110107421875,13.529999732971191
2019-07-19,128.03684997558594,2976.610107421875,14.449999809265137
2019-07-22,129.73316955566406,2985.030029296875,13.529999732971191
2019-07-23,130.53915405273438,3005.469970703125,12.609999656677246
2019-07-24,131.87930297851562,3019.56005859375,12.069999694824219
2019-07-25,131.38262939453125,3003.669921875,12.739999771118164
2019-07-26,132.46035766601562,3025.860107421875,12.15999984741211
2019-07-29,132.1697998046875,3020.969970703125,12.829999923706055
2019-07-30,131.5325469970703,3013.179931640625,13.9399995803833
2019-07-31,127.70887756347656,2980.3798828125,16.1200008392334
2019-08-01,129.38638305664062,2953.56005859375,17.8700008392334
2019-08-02,128.2992706298828,2932.050048828125,17.610000610351562
2019-08-05,123.90394592285156,2844.739990234375,24.59000015258789
2019-08-06,126.22817993164062,2881.77001953125,20.170000076293945
2019-08-07,126.78105926513672,2883.97998046875,19.489999771118164
2019-08-08,130.16424560546875,2938.090087890625,16.90999984741211
2019-08-09,129.0584259033203,2918.64990234375,17.969999313354492
2019-08-12,127.25904846191406,2882.699951171875,21.09000015258789
2019-08-13,129.89251708984375,2926.320068359375,17.520000457763672
2019-08-14,125.9808578491211,2840.60009765625,22.100000381469727
2019-08-15,125.69879150390625,2847.60009765625,21.18000030517578
2019-08-16,128.00250244140625,2888.679931640625,18.469999313354492
2019-08-19,130.1463623046875,2923.64990234375,16.8799991607666
2019-08-20,129.06500244140625,2900.510009765625,17.5
2019-08-21,130.50364685058594,2924.429931640625,15.800000190734863
2019-08-22,129.55398559570312,2922.949951171875,16.68000030517578
2019-08-23,125.42610168457031,2847.110107421875,19.8700008392334
2019-08-26,127.36309814453125,2878.3798828125,19.31999969482422
2019-08-27,127.63581848144531,2869.159912109375,20.309999465942383
2019-08-28,127.46653747558594,2887.93994140625,19.350000381469727
2019-08-29,129.8737030029297,2924.580078125,17.8799991607666
2019-08-30,129.62921142578125,2926.4599609375,18.979999542236328
2019-09-03,127.91786193847656,2906.27001953125,19.65999984741211
2019-09-04,129.41293334960938,2937.780029296875,17.329999923706055
2019-09-05,131.6885223388672,2976.0,16.270000457763672
2019-09-06,130.795166015625,2978.7099609375,15.0
2019-09-09,129.3095703125,2978.429931640625,15.270000457763672
2019-09-10,127.95549011230469,2979.389892578125,15.199999809265137
2019-09-11,127.99309539794922,3000.929931640625,14.609999656677246
2019-09-12,129.3095703125,3009.570068359375,14.220000267028809
2019-09-13,129.12144470214844,3007.389892578125,13.739999771118164
2019-09-16,128.1905517578125,2997.9599609375,14.670000076293945
2019-09-17,129.187255859375,3005.699951171875,14.4399995803833
2019-09-18,130.24981689453125,3006.72998046875,13.949999809265137
2019-09-19,132.6475830078125,3006.7900390625,14.050000190734863
2019-09-20,131.1149139404297,2992.070068359375,15.319999694824219
2019-09-23,130.832763671875,2991.780029296875,14.90999984741211
2019-09-24,129.17787170410156,2966.60009765625,17.049999237060547
2019-09-25,131.03964233398438,2984.8701171875,15.960000038146973
2019-09-26,131.20892333984375,2977.6201171875,16.06999969482422
2019-09-27,129.50692749023438,2961.7900390625,17.219999313354492
2019-09-30,130.7293701171875,2976.739990234375,16.239999771118164
2019-10-01,128.88638305664062,2940.25,18.559999465942383
2019-10-02,126.61084747314453,2887.610107421875,20.559999465942383
2019-10-03,128.14352416992188,2910.6298828125,19.1200008392334
2019-10-04,129.8737030029297,2952.010009765625,17.040000915527344
2019-10-07,128.9333953857422,2938.7900390625,17.860000610351562
2019-10-08,127.56991577148438,2893.06005859375,20.280000686645508
2019-10-09,129.9865264892578,2919.39990234375,18.639999389648438
2019-10-10,130.795166015625,2938.1298828125,17.56999969482422
2019-10-11,131.340576171875,2970.27001953125,15.579999923706055
2019-10-14,131.2183074951172,2966.14990234375,14.569999694824219
2019-10-15,133.1177215576172,2995.679931640625,13.539999961853027
2019-10-16,132.02696228027344,2989.68994140625,13.680000305175781
2019-10-17,131.34996032714844,2997.949951171875,13.789999961853027
2019-10-18,129.20608520507812,2986.199951171875,14.25
2019-10-21,130.16517639160156,3006.719970703125,14.0
2019-10-22,128.22813415527344,2995.989990234375,14.460000038146973
2019-10-23,129.04617309570312,3004.52001953125,14.010000228881836
2019-10-24,131.58505249023438,3010.2900390625,13.710000038146973
2019-10-25,132.32785034179688,3022.550048828125,12.649999618530273
2019-10-28,135.58126831054688,3039.419921875,13.109999656677246
2019-10-29,134.30247497558594,3036.889892578125,13.199999809265137
2019-10-30,135.97622680664062,3046.77001953125,12.329999923706055
2019-10-31,134.81024169921875,3037.56005859375,13.220000267028809
2019-11-01,135.1393585205078,3066.909912109375,12.300000190734863
2019-11-04,135.91981506347656,3078.27001953125,12.829999923706055
2019-11-05,135.83518981933594,3074.6201171875,13.100000381469727
2019-11-06,135.45904541015625,3076.780029296875,12.619999885559082
2019-11-07,135.64712524414062,3085.179931640625,12.729999542236328
2019-11-08,137.24559020996094,3093.080078125,12.069999694824219
2019-11-11,137.3866424560547,3087.010009765625,12.6899995803833
2019-11-12,138.2893524169922,3091.840087890625,12.680000305175781
2019-11-13,138.51499938964844,3094.0400390625,13.0
2019-11-14,139.22024536132812,3096.6298828125,13.050000190734863
2019-11-15,141.01622009277344,3120.4599609375,12.050000190734863
2019-11-18,141.3640899658203,3122.030029296875,12.460000038146973
2019-11-19,141.41110229492188,3120.179931640625,12.859999656677246
2019-11-20,141.16583251953125,3108.4599609375,12.779999732971191
2019-11-21,141.03372192382812,3103.5400390625,13.130000114440918
2019-11-22,141.13748168945312,3110.2900390625,12.34000015258789
2019-11-25,142.68484497070312,3133.639892578125,11.869999885559082
2019-11-26,143.43966674804688,3140.52001953125,11.539999961853027
2019-11-27,143.71327209472656,3153.6298828125,11.75
2019-11-29,142.82635498046875,3140.97998046875,12.619999885559082
2019-12-02,141.0997314453125,3113.8701171875,14.90999984741211
2019-12-03,140.873291015625,3093.199951171875,15.960000038146973
2019-12-04,141.38279724121094,3112.760009765625,14.800000190734863
2019-12-05,141.45823669433594,3117.429931640625,14.520000457763672
2019-12-06,143.17547607421875,3145.909912109375,13.619999885559082
2019-12-09,142.8074951171875,3135.9599609375,15.859999656677246
2019-12-10,142.59051513671875,3132.52001953125,15.680000305175781
2019-12-11,143.1282501220703,3141.6298828125,14.989999771118164
2019-12-12,144.58128356933594,3168.570068359375,13.9399995803833
2019-12-13,145.7983856201172,3168.800048828125,12.630000114440918
2019-12-16,146.7418670654297,3191.449951171875,12.140000343322754
2019-12-17,145.9493408203125,3192.52001953125,12.289999961853027
2019-12-18,145.64743041992188,3191.139892578125,12.579999923706055
2019-12-19,146.9116973876953,3205.3701171875,12.5
2019-12-20,148.51564025878906,3221.219970703125,12.510000228881836
2019-12-23,148.51564025878906,3224.010009765625,12.609999656677246
2019-12-24,148.48736572265625,3223.3798828125,12.670000076293945
2019-12-26,149.70445251464844,3239.909912109375,12.649999618530273
2019-12-27,149.9780731201172,3240.02001953125,13.430000305175781
2019-12-30,148.68548583984375,3221.2900390625,14.819999694824219
2019-12-31,148.78924560546875,3230.780029296875,13.779999732971191
2020-01-02,151.54421997070312,3257.85009765625,12.470000267028809
2020-01-03,149.65731811523438,3234.85009765625,14.020000457763672
2020-01-06,150.04412841796875,3246.280029296875,13.850000381469727
2020-01-07,148.676025390625,3237.179931640625,13.789999961853027
2020-01-08,151.044189453125,3253.050048828125,13.449999809265137
2020-01-09,152.93124389648438,3274.699951171875,12.539999961853027
2020-01-10,152.2235870361328,3265.35009765625,12.5600004196167
2020-01-13,154.05398559570312,3288.1298828125,12.319999694824219
2020-01-14,152.96897888183594,3283.14990234375,12.390000343322754
2020-01-15,153.95957946777344,3289.2900390625,12.420000076293945
2020-01-16,156.7806854248047,3316.81005859375,12.319999694824219
2020-01-17,157.6581268310547,3329.6201171875,12.100000381469727
2020-01-21,157.09201049804688,3320.7900390625,12.850000381469727
2020-01-22,156.3372039794922,3321.75,12.90999984741211
2020-01-23,157.29965209960938,3325.5400390625,12.979999542236328
2020-01-24,155.71450805664062,3295.469970703125,14.5600004196167
2020-01-27,153.1104736328125,3243.6298828125,18.229999542236328
2020-01-28,156.1107940673828,3276.239990234375,16.280000686645508
2020-01-29,158.54501342773438,3273.39990234375,16.389999389648438
2020-01-30,163.01719665527344,3283.659912109375,15.489999771118164
2020-01-31,160.61126708984375,3225.52001953125,18.84000015258789
2020-02-03,164.52674865722656,3248.919921875,17.969999313354492
2020-02-04,169.9424285888672,3297.590087890625,16.049999237060547
2020-02-05,169.73486328125,3334.68994140625,15.149999618530273
2020-02-06,173.2541046142578,3345.780029296875,14.960000038146973
2020-02-07,173.4993896484375,3327.7099609375,15.470000267028809
2020-02-10,178.03761291503906,3352.090087890625,15.039999961853027
2020-02-11,174.01834106445312,3357.75,15.180000305175781
2020-02-12,174.27305603027344,3379.449951171875,13.739999771118164
2020-02-13,173.32958984375,3373.93994140625,14.149999618530273
2020-02-14,174.8769073486328,3380.159912109375,13.680000305175781
2020-02-18,176.6506805419922,3370.2900390625,14.829999923706055
2020-02-19,177.1804656982422,3386.14990234375,14.380000114440918
2020-02-20,174.47467041015625,3373.22998046875,15.5600004196167
2020-02-21,168.95909118652344,3337.75,17.079999923706055
2020-02-24,161.67434692382812,3225.889892578125,25.030000686645508
2020-02-25,159.00643920898438,3128.2099609375,27.850000381469727
2020-02-26,160.99317932128906,3116.389892578125,27.559999465942383
2020-02-27,149.6497802734375,2978.760009765625,39.15999984741211
2020-02-28,153.27322387695312,2954.219970703125,40.11000061035156
2020-03-02,163.47190856933594,3090.22998046875,33.41999816894531
2020-03-03,155.6383819580078,3003.3701171875,36.81999969482422
2020-03-04,161.35267639160156,3130.1201171875,31.989999771118164
2020-03-05,157.30348205566406,3023.93994140625,39.619998931884766
2020-03-06,152.85699462890625,2972.3701171875,41.939998626708984
2020-03-09,142.4974365234375,2746.56005859375,54.459999084472656
2020-03-10,152.2419891357422,2882.22998046875,47.29999923706055
2020-03-11,145.34512329101562,2741.3798828125,53.900001525878906
2020-03-12,131.56088256835938,2480.639892578125,75.47000122070312
2020-03-13,150.2647247314453,2711.02001953125,57.83000183105469
2020-03-16,128.11717224121094,2386.1298828125,82.69000244140625
2020-03-17,138.66586303710938,2529.18994140625,75.91000366210938
2020-03-18,132.82855224609375,2398.10009765625,76.44999694824219
2020-03-19,135.01406860351562,2409.389892578125,72.0
2020-03-20,129.94309997558594,2304.919921875,66.04000091552734
2020-03-23,128.64697265625,2237.39990234375,61.59000015258789
2020-03-24,140.3404083251953,2447.330078125,61.66999816894531
2020-03-25,138.9969940185547,2475.56005859375,63.95000076293945
2020-03-26,147.69142150878906,2630.070068359375,61.0
2020-03-27,141.6270294189453,2541.469970703125,65.54000091552734
2020-03-30,151.5892333984375,2626.64990234375,57.08000183105469
2020-03-31,149.2051239013672,2584.590087890625,53.540000915527344
2020-04-01,143.90707397460938,2470.5,57.060001373291016
2020-04-02,146.88726806640625,2526.89990234375,50.90999984741211
2020-04-03,145.53436279296875,2488.64990234375,46.79999923706055
2020-04-06,156.35743713378906,2663.679931640625,45.2400016784668
2020-04-07,154.6734161376953,2659.409912109375,46.70000076293945
2020-04-08,156.2249755859375,2749.97998046875,43.349998474121094
2020-04-09,156.2344512939453,2789.820068359375,41.66999816894531
2020-04-13,156.58447265625,2761.6298828125,41.16999816894531
2020-04-14,164.3328094482422,2846.06005859375,37.7599983215332
2020-04-15,162.6109619140625,2783.360107421875,40.84000015258789
2020-04-16,167.49270629882812,2799.550048828125,40.11000061035156
2020-04-17,168.96859741210938,2874.56005859375,38.150001525878906
2020-04-20,165.61944580078125,2823.159912109375,43.83000183105469
2020-04-21,158.76995849609375,2736.56005859375,45.40999984741211
2020-04-22,164.16250610351562,2799.31005859375,41.97999954223633
2020-04-23,162.17576599121094,2797.800048828125,41.380001068115234
2020-04-24,165.1370086669922,2836.739990234375,35.93000030517578
2020-04-27,164.66397094726562,2878.47998046875,33.290000915527344
2020-04-28,160.65257263183594,2863.389892578125,33.56999969482422
2020-04-29,167.86166381835938,2939.510009765625,31.229999542236328
2020-04-30,169.54571533203125,2912.429931640625,34.150001525878906
2020-05-01,165.1559295654297,2830.7099609375,37.189998626708984
2020-05-04,169.1956329345703,2842.739990234375,35.970001220703125
2020-05-05,171.01211547851562,2868.43994140625,33.61000061035156
2020-05-06,172.69607543945312,2848.419921875,34.119998931884766
2020-05-07,173.69895935058594,2881.18994140625,31.440000534057617
2020-05-08,174.72068786621094,2929.800048828125,27.979999542236328
2020-05-11,176.6696014404297,2930.18994140625,27.56999969482422
2020-05-12,172.66773986816406,2870.1201171875,33.040000915527344
2020-05-13,170.0565948486328,2820.0,35.279998779296875
2020-05-14,170.7944793701172,2852.5,32.61000061035156
2020-05-15,173.28265380859375,2863.699951171875,31.889999389648438
2020-05-18,174.9383087158203,2953.909912109375,29.299999237060547
2020-05-19,173.72732543945312,2922.93994140625,30.530000686645508
2020-05-20,176.1370086669922,2971.610107421875,27.989999771118164
2020-05-21,174.02142333984375,2948.510009765625,29.530000686645508
2020-05-22,174.0973358154297,2955.449951171875,28.15999984741211
2020-05-26,172.25682067871094,2991.77001953125,28.010000228881836
2020-05-27,172.4844970703125,3036.1298828125,27.6200008392334
2020-05-28,172.09556579589844,3029.72998046875,28.59000015258789
2020-05-29,173.8506622314453,3044.31005859375,27.510000228881836
2020-06-01,173.45217895507812,3055.72998046875,28.229999542236328
2020-06-02,175.42552185058594,3080.820068359375,26.84000015258789
2020-06-03,175.85240173339844,3122.8701171875,25.65999984741211
2020-06-04,173.53759765625,3112.35009765625,25.809999465942383
2020-06-05,177.59803771972656,3193.929931640625,24.520000457763672
2020-06-08,178.69857788085938,3232.389892578125,25.809999465942383
2020-06-09,180.06466674804688,3207.179931640625,27.56999969482422
2020-06-10,186.7435760498047,3190.139892578125,27.56999969482422
2020-06-11,176.7157440185547,3002.10009765625,40.790000915527344
2020-06-12,178.11036682128906,3041.31005859375,36.09000015258789
2020-06-15,179.248779296875,3066.590087890625,34.400001525878906
2020-06-16,183.64134216308594,3124.739990234375,33.66999816894531
2020-06-17,184.27694702148438,3113.489990234375,33.470001220703125
2020-06-18,186.25021362304688,3115.340087890625,32.939998626708984
2020-06-19,185.14027404785156,3097.739990234375,35.119998931884766
2020-06-22,190.28225708007812,3117.860107421875,31.770000457763672
2020-06-23,191.55355834960938,3131.2900390625,31.3700008392334
2020-06-24,187.6923065185547,3050.330078125,33.84000015258789
2020-06-25,190.06407165527344,3083.760009765625,32.220001220703125
2020-06-26,186.25973510742188,3009.050048828125,34.72999954223633
2020-06-29,188.2615509033203,3053.239990234375,31.780000686645508
2020-06-30,193.07150268554688,3100.2900390625,30.43000030517578
2020-07-01,194.20045471191406,3115.860107421875,28.6200008392334
2020-07-02,195.68038940429688,3130.010009765625,27.68000030517578
2020-07-06,199.89271545410156,3179.719970703125,27.940000534057617
2020-07-07,197.56834411621094,3145.320068359375,29.43000030517578
2020-07-08,201.91342163085938,3169.93994140625,28.079999923706055
2020-07-09,203.32699584960938,3152.050048828125,29.260000228881836
2020-07-10,202.7103271484375,3185.0400390625,27.290000915527344
2020-07-13,196.4488525390625,3155.219970703125,32.189998626708984
2020-07-14,197.66322326660156,3197.52001953125,29.520000457763672
2020-07-15,197.36917114257812,3226.56005859375,27.760000228881836
2020-07-16,193.46044921875,3215.570068359375,28.0
2020-07-17,192.47377014160156,3224.72998046875,25.68000030517578
2020-07-20,200.74652099609375,3251.840087890625,24.459999084472656
2020-07-21,198.0426788330078,3257.300048828125,24.84000015258789
2020-07-22,200.88880920410156,3276.02001953125,24.31999969482422
2020-07-23,192.15122985839844,3235.659912109375,26.079999923706055
2020-07-24,190.97483825683594,3215.6298828125,25.84000015258789
2020-07-27,193.39404296875,3239.409912109375,24.739999771118164
2020-07-28,191.6579132080078,3218.43994140625,25.440000534057617
2020-07-29,193.5933074951172,3258.43994140625,24.100000381469727
2020-07-30,193.44146728515625,3246.219970703125,24.760000228881836
2020-07-31,194.4945526123047,3271.1201171875,24.459999084472656
2020-08-03,205.43309020996094,3294.610107421875,24.280000686645508
2020-08-04,202.349853515625,3306.510009765625,23.760000228881836
2020-08-05,202.01780700683594,3327.77001953125,22.989999771118164
2020-08-06,205.25286865234375,3349.159912109375,22.649999618530273
2020-08-07,201.58139038085938,3351.280029296875,22.209999084472656
2020-08-10,197.56834411621094,3360.469970703125,22.1299991607666
2020-08-11,192.94813537597656,3333.68994140625,24.030000686645508
2020-08-12,198.4601287841797,3380.35009765625,22.280000686645508
2020-08-13,197.9952392578125,3373.429931640625,22.1299991607666
2020-08-14,198.1849822998047,3372.85009765625,22.049999237060547
2020-08-17,199.4942626953125,3381.989990234375,21.350000381469727
2020-08-18,200.64219665527344,3389.780029296875,21.510000228881836
2020-08-19,199.4248809814453,3374.85009765625,22.540000915527344
2020-08-20,204.06576538085938,3385.510009765625,22.719999313354492
2020-08-21,202.5821990966797,3397.159912109375,22.540000915527344
2020-08-24,203.21934509277344,3431.280029296875,22.3700008392334
2020-08-25,205.86318969726562,3443.6201171875,22.030000686645508
2020-08-26,210.31382751464844,3478.72998046875,23.270000457763672
2020-08-27,215.47775268554688,3484.550048828125,24.469999313354492
2020-08-28,217.69361877441406,3508.010009765625,22.959999084472656
2020-08-31,214.47923278808594,3500.31005859375,26.40999984741211
2020-09-01,216.13400268554688,3526.64990234375,26.1200008392334
2020-09-02,220.29931640625,3580.840087890625,26.56999969482422
2020-09-03,206.65249633789062,3455.06005859375,33.599998474121094
2020-09-04,203.751953125,3426.9599609375,30.75
2020-09-08,192.72984313964844,3331.840087890625,31.459999084472656
2020-09-09,200.9369659423828,3398.9599609375,28.809999465942383
2020-09-10,195.3070831298828,3339.18994140625,29.709999084472656
2020-09-11,194.03265380859375,3340.969970703125,26.8700008392334
2020-09-14,195.34507751464844,3383.5400390625,25.850000381469727
2020-09-15,198.5499725341797,3401.199951171875,25.59000015258789
2020-09-16,195.0027313232422,3385.489990234375,26.040000915527344
2020-09-17,192.9675750732422,3357.010009765625,26.459999084472656
2020-09-18,190.571044921875,3319.469970703125,25.829999923706055
2020-09-21,192.61570739746094,3281.06005859375,27.780000686645508
2020-09-22,197.256591796875,3315.570068359375,26.860000610351562
2020-09-23,190.7612762451172,3236.919921875,28.579999923706055
2020-09-24,193.23387145996094,3246.590087890625,28.510000228881836
2020-09-25,197.63699340820312,3298.4599609375,26.3799991607666
2020-09-28,199.17767333984375,3351.60009765625,26.190000534057617
2020-09-29,197.1044464111328,3335.469970703125,26.270000457763672
2020-09-30,200.02398681640625,3363.0,26.3700008392334
2020-10-01,202.0496826171875,3380.800048828125,26.700000762939453
2020-10-02,196.0868682861328,3348.419921875,27.6299991607666
2020-10-05,200.0716094970703,3408.60009765625,27.959999084472656
2020-10-06,195.82058715820312,3360.969970703125,29.479999542236328
2020-10-07,199.54849243164062,3419.43994140625,28.059999465942383
2020-10-08,200.2617950439453,3446.830078125,26.360000610351562
2020-10-09,205.23545837402344,3477.139892578125,25.0
2020-10-12,210.55157470703125,3534.219970703125,25.06999969482422
2020-10-13,211.94003295898438,3511.929931640625,26.06999969482422
2020-10-14,210.03807067871094,3488.669921875,26.399999618530273
2020-10-15,208.89683532714844,3483.340087890625,26.969999313354492
2020-10-16,208.89683532714844,3483.81005859375,27.40999984741211
2020-10-19,203.72341918945312,3426.919921875,29.18000030517578
2020-10-20,204.13235473632812,3443.1201171875,29.350000381469727
2020-10-21,204.2750244140625,3435.56005859375,28.649999618530273
2020-10-22,204.36061096191406,3453.489990234375,28.110000610351562
2020-10-23,205.6348876953125,3465.389892578125,27.549999237060547
2020-10-26,199.7862548828125,3400.969970703125,32.459999084472656
2020-10-27,202.80096435546875,3390.679931640625,33.349998474121094
2020-10-28,192.74884033203125,3271.030029296875,40.279998779296875
2020-10-29,194.68890380859375,3310.110107421875,37.59000015258789
2020-10-30,192.54917907714844,3269.9599609375,38.02000045776367
2020-11-02,192.41600036621094,3310.239990234375,37.130001068115234
2020-11-03,196.31509399414062,3369.159912109375,35.54999923706055
2020-11-04,205.78707885742188,3443.43994140625,29.56999969482422
2020-11-05,212.34901428222656,3510.449951171875,27.579999923706055
2020-11-06,212.75791931152344,3509.43994140625,24.860000610351562
2020-11-09,207.6890869140625,3550.5,25.75
2020-11-10,200.67071533203125,3545.530029296875,24.799999237060547
2020-11-11,205.93923950195312,3572.659912109375,23.450000762939453
2020-11-12,204.8836212158203,3537.010009765625,25.350000381469727
2020-11-13,205.9011993408203,3585.14990234375,23.100000381469727
2020-11-16,206.5859375,3626.909912109375,22.450000762939453
2020-11-17,203.95169067382812,3609.530029296875,22.709999084472656
2020-11-18,201.26283264160156,3567.7900390625,23.84000015258789
2020-11-19,202.5404510498047,3581.8701171875,23.110000610351562
2020-11-20,200.6049041748047,3557.5400390625,23.700000762939453
2020-11-23,200.33792114257812,3577.590087890625,22.65999984741211
2020-11-24,203.91355895996094,3635.409912109375,21.639999389648438
2020-11-25,203.9230194091797,3629.64990234375,21.25
2020-11-27,205.2197723388672,3638.35009765625,20.84000015258789
2020-11-30,204.1137237548828,3621.6298828125,20.56999969482422
2020-12-01,206.15423583984375,3662.449951171875,20.770000457763672
2020-12-02,205.35330200195312,3669.010009765625,21.170000076293945
2020-12-03,204.27581787109375,3666.719970703125,21.280000686645508
2020-12-04,204.39024353027344,3699.1201171875,20.790000915527344
2020-12-07,204.32354736328125,3691.9599609375,21.299999237060547
2020-12-08,205.9635009765625,3702.25,20.68000030517578
2020-12-09,201.94932556152344,3672.820068359375,22.270000457763672
2020-12-10,200.7288360595703,3668.10009765625,22.520000457763672
2020-12-11,203.34141540527344,3663.4599609375,23.309999465942383
2020-12-14,204.2377166748047,3647.489990234375,24.719999313354492
2020-12-15,204.1709442138672,3694.6201171875,22.889999389648438
2020-12-16,209.08140563964844,3701.169921875,22.5
2020-12-17,209.2149200439453,3722.47998046875,21.93000030517578
2020-12-18,208.42347717285156,3709.409912109375,21.56999969482422
2020-12-21,212.23748779296875,3694.919921875,25.15999984741211
2020-12-22,213.52471923828125,3687.260009765625,24.229999542236328
2020-12-23,210.74049377441406,3690.010009765625,23.309999465942383
2020-12-24,212.39002990722656,3703.06005859375,21.530000686645508
2020-12-28,214.4972686767578,3735.360107421875,21.700000762939453
2020-12-29,213.7249298095703,3727.0400390625,23.079999923706055
2020-12-30,211.36981201171875,3732.0400390625,22.770000457763672
2020-12-31,212.0753936767578,3756.070068359375,22.75
2021-01-04,207.5653533935547,3700.64990234375,26.969999313354492
2021-01-05,207.76560974121094,3726.860107421875,25.34000015258789
2021-01-06,202.37835693359375,3748.139892578125,25.06999969482422
2021-01-07,208.13743591308594,3803.7900390625,22.3700008392334
2021-01-08,209.40557861328125,3824.679931640625,21.559999465942383
2021-01-11,207.37469482421875,3799.610107421875,24.079999923706055
2021-01-12,204.9337158203125,3801.18994140625,23.329999923706055
2021-01-13,206.2781524658203,3809.840087890625,22.209999084472656
2021-01-14,203.11256408691406,3795.5400390625,23.25
2021-01-15,202.75978088378906,3768.25,24.34000015258789
2021-01-19,206.37350463867188,3798.909912109375,23.239999771118164
2021-01-20,213.9060821533203,3851.85009765625,21.579999923706055
2021-01-21,214.5067901611328,3853.070068359375,21.31999969482422
2021-01-22,215.4412384033203,3841.469970703125,21.90999984741211
2021-01-25,218.85470581054688,3855.360107421875,23.190000534057617
2021-01-26,221.5244903564453,3849.6201171875,23.020000457763672
2021-01-27,222.06797790527344,3750.77001953125,37.209999084472656
2021-01-28,227.81747436523438,3787.3798828125,30.209999084472656
2021-01-29,221.171630859375,3714.239990234375,33.09000015258789
2021-02-01,228.50404357910156,3773.860107421875,30.239999771118164
2021-02-02,228.37054443359375,3826.31005859375,25.559999465942383
2021-02-03,231.69822692871094,3830.169921875,22.90999984741211
2021-02-04,230.75425720214844,3871.739990234375,21.770000457763672
2021-02-05,230.9354248046875,3886.830078125,20.8700008392334
2021-02-08,231.19287109375,3915.590087890625,21.239999771118164
2021-02-09,232.43240356445312,3911.22998046875,21.6299991607666
2021-02-10,231.526611328125,3909.8798828125,21.989999771118164
2021-02-11,233.11892700195312,3916.3798828125,21.25
2021-02-12,233.59568786621094,3934.830078125,19.969999313354492
2021-02-16,232.3656768798828,3932.590087890625,21.459999084472656
2021-02-17,233.37864685058594,3931.330078125,21.5
2021-02-18,232.9868927001953,3913.969970703125,22.489999771118164
2021-02-19,230.29183959960938,3906.7099609375,22.049999237060547
2021-02-22,224.11805725097656,3876.5,23.450000762939453
2021-02-23,222.9330291748047,3881.3701171875,23.110000610351562
2021-02-24,224.15634155273438,3925.429931640625,21.34000015258789
2021-02-25,218.8426971435547,3829.340087890625,28.889999389648438
2021-02-26,222.08250427246094,3811.14990234375,27.950000762939453
2021-03-01,226.4403839111328,3901.820068359375,23.350000381469727
2021-03-02,223.50648498535156,3870.2900390625,24.100000381469727
2021-03-03,217.47604370117188,3819.719970703125,26.670000076293945
2021-03-04,216.68284606933594,3768.469970703125,28.56999969482422
2021-03-05,221.3369903564453,3841.93994140625,24.65999984741211
2021-03-08,217.31356811523438,3821.35009765625,25.469999313354492
2021-03-09,223.42041015625,3875.43994140625,24.030000686645508
2021-03-10,222.12069702148438,3898.81005859375,22.559999465942383
2021-03-11,226.62200927734375,3939.340087890625,21.90999984741211
2021-03-12,225.3031463623047,3943.340087890625,20.690000534057617
2021-03-15,224.40476989746094,3968.93994140625,20.030000686645508
2021-03-16,227.17628479003906,3962.7099609375,19.790000915527344
2021-03-17,226.53594970703125,3974.1201171875,19.229999542236328
2021-03-18,220.49603271484375,3915.4599609375,21.579999923706055
2021-03-19,220.14242553710938,3913.10009765625,20.950000762939453
2021-03-22,225.53250122070312,3940.590087890625,18.8799991607666
2021-03-23,227.0520477294922,3910.52001953125,20.299999237060547
2021-03-24,225.0260009765625,3889.139892578125,21.200000762939453
2021-03-25,222.04425048828125,3909.52001953125,19.809999465942383
2021-03-26,226.0007781982422,3974.5400390625,18.860000610351562
2021-03-29,224.81576538085938,3971.090087890625,20.739999771118164
2021-03-30,221.57598876953125,3958.550048828125,19.610000610351562
2021-03-31,225.3222198486328,3972.889892578125,19.399999618530273
2021-04-01,231.6106719970703,4019.8701171875,17.329999923706055
2021-04-05,238.03286743164062,4077.909912109375,17.90999984741211
2021-04-06,236.87649536132812,4073.93994140625,18.1200008392334
2021-04-07,238.82611083984375,4079.949951171875,17.15999984741211
2021-04-08,242.02764892578125,4097.169921875,16.950000762939453
2021-04-09,244.51246643066406,4128.7998046875,16.690000534057617
2021-04-12,244.56979370117188,4127.990234375,16.90999984741211
2021-04-13,247.03546142578125,4141.58984375,16.649999618530273
2021-04-14,244.26394653320312,4124.66015625,16.989999771118164
2021-04-15,248.0006866455078,4170.419921875,16.56999969482422
2021-04-16,249.18572998046875,4185.47021484375,16.25
2021-04-19,247.2743682861328,4163.259765625,17.290000915527344
2021-04-20,246.81561279296875,4134.93994140625,18.68000030517578
2021-04-21,249.0328369140625,4173.419921875,17.5
2021-04-22,245.77395629882812,4134.97998046875,18.709999084472656
2021-04-23,249.5775604248047,4180.169921875,17.329999923706055
2021-04-26,249.95982360839844,4187.6201171875,17.639999389648438
2021-04-27,250.3612518310547,4186.72021484375,17.559999465942383
2021-04-28,243.27960205078125,4183.18017578125,17.280000686645508
2021-04-29,241.32044982910156,4211.47021484375,17.610000610351562
2021-04-30,241.00503540039062,4181.169921875,18.610000610351562
2021-05-03,240.6992645263672,4192.66015625,18.309999465942383
2021-05-04,236.8096160888672,4164.66015625,19.479999542236328
2021-05-05,235.548095703125,4167.58984375,19.149999618530273
2021-05-06,238.6636505126953,4201.6201171875,18.389999389648438
2021-05-07,241.2726593017578,4232.60009765625,16.690000534057617
2021-05-10,236.22665405273438,4188.43017578125,19.65999984741211
2021-05-11,235.31871032714844,4152.10009765625,21.84000015258789
2021-05-12,228.4091339111328,4063.0400390625,27.59000015258789
2021-05-13,232.26055908203125,4112.5,23.1299991607666
2021-05-14,237.15365600585938,4173.85009765625,18.809999465942383
2021-05-17,234.3152618408203,4163.2900390625,19.719999313354492
2021-05-18,232.30833435058594,4127.830078125,21.34000015258789
2021-05-19,232.88307189941406,4115.68017578125,22.18000030517578
2021-05-20,236.10157775878906,4159.1201171875,20.670000076293945
2021-05-21,234.8467559814453,4155.85986328125,20.149999618530273
2021-05-24,240.22055053710938,4197.0498046875,18.399999618530273
2021-05-25,241.1209259033203,4188.1298828125,18.84000015258789
2021-05-26,240.900634765625,4195.990234375,17.360000610351562
2021-05-27,238.81240844726562,4200.8798828125,16.739999771118164
2021-05-28,239.16683959960938,4204.10986328125,16.760000228881836
2021-06-01,236.98287963867188,4202.0400390625,17.899999618530273
2021-06-02,236.88705444335938,4208.1201171875,17.479999542236328
2021-06-03,235.364013671875,4192.85009765625,18.040000915527344
2021-06-04,240.2301483154297,4229.89013671875,16.420000076293945
2021-06-07,243.12294006347656,4226.52001953125,16.420000076293945
2021-06-08,241.93516540527344,4227.259765625,17.06999969482422
2021-06-09,242.9121551513672,4219.5498046875,17.889999389648438
2021-06-10,246.4084930419922,4239.18017578125,16.100000381469727
2021-06-11,247.03114318847656,4247.43994140625,15.649999618530273
2021-06-14,248.94696044921875,4255.14990234375,16.389999389648438
2021-06-15,247.4813232421875,4246.58984375,17.020000457763672
2021-06-16,246.54266357421875,4223.7001953125,18.149999618530273
2021-06-17,249.9144287109375,4221.85986328125,17.75
2021-06-18,248.50631713867188,4166.4501953125,20.700000762939453
2021-06-21,251.5716094970703,4224.7900390625,17.889999389648438
2021-06-22,254.33029174804688,4246.43994140625,16.65999984741211
2021-06-23,254.1003875732422,4241.83984375,16.31999969482422
2021-06-24,255.4606170654297,4266.490234375,15.970000267028809
2021-06-25,253.86097717285156,4280.7001953125,15.619999885559082
2021-06-28,257.40509033203125,4290.60986328125,15.760000228881836
2021-06-29,259.9722900390625,4291.7998046875,16.020000457763672
2021-06-30,259.4933166503906,4297.5,15.829999923706055
2021-07-01,260.1638488769531,4319.93994140625,15.479999542236328
2021-07-02,265.95916748046875,4352.33984375,15.069999694824219
2021-07-06,265.9686584472656,4343.5400390625,16.440000534057617
2021-07-07,268.1430969238281,4358.1298828125,16.200000762939453
2021-07-08,265.73883056640625,4320.81982421875,19.0
2021-07-09,266.2369079589844,4369.5498046875,16.18000030517578
2021-07-12,265.64306640625,4384.6298828125,16.170000076293945
2021-07-13,269.1489562988281,4369.2099609375,17.1200008392334
2021-07-14,270.6145324707031,4374.2998046875,16.329999923706055
2021-07-15,269.1967468261719,4360.02978515625,17.010000228881836
2021-07-16,268.9287109375,4327.16015625,18.450000762939453
2021-07-19,265.3460998535156,4258.490234375,22.5
2021-07-20,267.5588684082031,4323.06005859375,19.729999542236328
2021-07-21,269.5513000488281,4358.68994140625,17.90999984741211
2021-07-22,274.0916442871094,4367.47998046875,17.690000534057617
2021-07-23,277.4730529785156,4411.7900390625,17.200000762939453
2021-07-26,276.8790588378906,4422.2998046875,17.579999923706055
2021-07-27,274.4747619628906,4401.4599609375,19.360000610351562
2021-07-28,274.16827392578125,4400.64013671875,18.309999465942383
2021-07-29,274.4365234375,4419.14990234375,17.700000762939453
2021-07-30,272.9134826660156,4395.259765625,18.239999771118164
2021-08-02,272.8272399902344,4387.16015625,19.459999084472656
2021-08-03,275.03033447265625,4423.14990234375,18.040000915527344
2021-08-04,274.4460144042969,4402.66015625,17.969999313354492
2021-08-05,277.3292541503906,4429.10009765625,17.280000686645508
2021-08-06,277.2718200683594,4436.52001953125,16.149999618530273
2021-08-09,276.1894226074219,4432.35009765625,16.719999313354492
2021-08-10,274.3789978027344,4436.75,16.790000915527344
2021-08-11,274.8675537109375,4442.41015625,16.170000076293945
2021-08-12,277.6070556640625,4460.830078125,15.59000015258789
2021-08-13,280.51910400390625,4468.0,15.449999809265137
2021-08-16,282.1954040527344,4479.7099609375,16.1200008392334
2021-08-17,280.73944091796875,4448.080078125,17.90999984741211
2021-08-18,279.021484375,4400.27001953125,21.56999969482422
2021-08-19,284.8182373046875,4405.7998046875,21.670000076293945
2021-08-20,292.10260009765625,4441.669921875,18.559999465942383
2021-08-23,292.3808898925781,4479.52978515625,17.149999618530273
2021-08-24,290.4326477050781,4486.22998046875,17.219999313354492
2021-08-25,289.8471984863281,4496.18994140625,16.790000915527344
2021-08-26,287.04486083984375,4470.0,18.84000015258789
2021-08-27,287.64947509765625,4509.3701171875,16.389999389648438
2021-08-30,291.36358642578125,4528.7900390625,16.190000534057617
2021-08-31,289.7224426269531,4522.68017578125,16.479999542236328
2021-09-01,289.6744079589844,4524.08984375,16.110000610351562
2021-09-02,289.02178955078125,4536.9501953125,16.40999984741211
2021-09-03,289.0123596191406,4535.43017578125,16.40999984741211
2021-09-07,288.0909118652344,4520.02978515625,18.139999389648438
2021-09-08,288.1197204589844,4514.06982421875,17.959999084472656
2021-09-09,285.2789306640625,4493.27978515625,18.799999237060547
2021-09-10,283.8009338378906,4458.580078125,20.950000762939453
2021-09-13,285.02935791015625,4468.72998046875,19.3700008392334
2021-09-14,287.7166748046875,4443.0498046875,19.459999084472656
2021-09-15,292.5440673828125,4480.7001953125,18.18000030517578
2021-09-16,292.9280090332031,4473.75,18.690000534057617
2021-09-17,287.7934265136719,4432.990234375,20.809999465942383
2021-09-20,282.44769287109375,4357.72998046875,25.709999084472656
2021-09-21,282.9275817871094,4354.18994140625,24.360000610351562
2021-09-22,286.55535888671875,4395.64013671875,20.8700008392334
2021-09-23,287.4958801269531,4448.97998046875,18.6299991607666
2021-09-24,287.2944030761719,4455.47998046875,17.75
2021-09-27,282.3230285644531,4443.10986328125,18.760000228881836
2021-09-28,272.10186767578125,4352.6298828125,23.25
2021-09-29,272.5625915527344,4359.4599609375,22.559999465942383
2021-09-30,270.56634521484375,4307.5400390625,23.139999389648438
2021-10-01,277.45721435546875,4357.0400390625,21.100000381469727
2021-10-04,271.7083740234375,4300.4599609375,22.959999084472656
2021-10-05,277.1308288574219,4345.72021484375,21.299999237060547
2021-10-06,281.30560302734375,4363.5498046875,21.0
2021-10-07,282.9756164550781,4399.759765625,19.540000915527344
2021-10-08,282.9756164550781,4391.33984375,18.770000457763672
2021-10-11,282.380615234375,4361.18994140625,20.0
2021-10-12,281.0849304199219,4350.64990234375,19.850000381469727
2021-10-13,284.37677001953125,4363.7998046875,18.639999389648438
2021-10-14,290.5574645996094,4438.259765625,16.860000610351562
2021-10-15,291.9586486816406,4471.3701171875,16.299999237060547
2021-10-18,294.9145812988281,4486.4599609375,16.309999465942383
2021-10-19,295.8167419433594,4519.6298828125,15.699999809265137
2021-10-20,295.02984619140625,4536.18994140625,15.489999771118164
2021-10-21,298.2448425292969,4549.77978515625,15.010000228881836
2021-10-22,296.70928955078125,4544.89990234375,15.430000305175781
2021-10-25,295.720703125,4566.47998046875,15.239999771118164
2021-10-26,297.6210632324219,4574.7900390625,15.979999542236328
2021-10-27,310.15509033203125,4551.68017578125,16.979999542236328
2021-10-28,311.28765869140625,4596.419921875,16.530000686645508
2021-10-29,318.2647399902344,4605.3798828125,16.260000228881836
2021-11-01,316.10540771484375,4613.669921875,16.40999984741211
2021-11-02,319.7139892578125,4630.64990234375,16.030000686645508
2021-11-03,320.5489501953125,4660.56982421875,15.100000381469727
2021-11-04,322.8905944824219,4680.06005859375,15.4399995803833
2021-11-05,322.52593994140625,4697.52978515625,16.479999542236328
2021-11-08,323.41851806640625,4701.7001953125,17.219999313354492
2021-11-09,322.42047119140625,4685.25,17.780000686645508
2021-11-10,317.477783203125,4646.7099609375,18.729999542236328
2021-11-11,319.0420837402344,4649.27001953125,17.65999984741211
2021-11-12,323.159423828125,4682.85009765625,16.290000915527344
2021-11-15,322.5355224609375,4682.7998046875,16.489999771118164
2021-11-16,325.83697509765625,4700.89990234375,16.3700008392334
2021-11-17,326.0581359863281,4688.669921875,17.110000610351562
2021-11-18,328.12530517578125,4704.5400390625,17.59000015258789
2021-11-19,329.8944396972656,4697.9599609375,17.90999984741211
2021-11-22,326.74078369140625,4682.93994140625,19.170000076293945
2021-11-23,324.6736145019531,4690.7001953125,19.3799991607666
2021-11-24,324.8948059082031,4701.4599609375,18.579999923706055
2021-11-26,316.98175048828125,4594.6201171875,28.6200008392334
2021-11-29,323.6640625,4655.27001953125,22.959999084472656
2021-11-30,317.8566589355469,4567.0,27.190000534057617
2021-12-01,317.36627197265625,4513.0400390625,31.1200008392334
2021-12-02,316.7990417480469,4577.10009765625,27.950000762939453
2021-12-03,310.5686340332031,4538.43017578125,30.670000076293945
2021-12-06,313.62615966796875,4591.669921875,27.18000030517578
2021-12-07,322.0198974609375,4686.75,21.889999389648438
2021-12-08,322.0679626464844,4701.2099609375,19.899999618530273
2021-12-09,320.2700500488281,4667.4501953125,21.579999923706055
2021-12-10,329.3464050292969,4712.02001953125,18.690000534057617
2021-12-13,326.3273010253906,4668.97021484375,20.309999465942383
2021-12-14,315.6933898925781,4634.08984375,21.889999389648438
2021-12-15,321.7603454589844,4709.85009765625,19.290000915527344
2021-12-16,312.3858642578125,4668.669921875,20.56999969482422
2021-12-17,311.3282470703125,4620.64013671875,21.56999969482422
2021-12-20,307.58807373046875,4568.02001953125,22.8700008392334
2021-12-21,314.683837890625,4649.22998046875,21.010000228881836
2021-12-22,320.3662109375,4696.56005859375,18.6299991607666
2021-12-23,321.798828125,4725.7900390625,17.959999084472656
2021-12-27,329.2598876953125,4791.18994140625,17.68000030517578
2021-12-28,328.1061096191406,4786.35009765625,17.540000915527344
2021-12-29,328.7791748046875,4793.06005859375,16.950000762939453
2021-12-30,326.25042724609375,4778.72998046875,17.329999923706055
2021-12-31,323.3659973144531,4766.18017578125,17.219999313354492
2022-01-03,321.8565368652344,4796.56005859375,16.600000381469727
2022-01-04,316.3376159667969,4793.5400390625,16.90999984741211
2022-01-05,304.19415283203125,4700.580078125,19.729999542236328
2022-01-06,301.7903747558594,4696.0498046875,19.610000610351562
2022-01-07,301.9441223144531,4677.02978515625,18.760000228881836
2022-01-10,302.1653137207031,4670.2900390625,19.399999618530273
2022-01-11,302.84796142578125,4713.06982421875,18.40999984741211
2022-01-12,306.0111999511719,4726.35009765625,17.6200008392334
2022-01-13,293.0600280761719,4659.02978515625,20.309999465942383
2022-01-14,298.2520751953125,4662.85009765625,19.190000534057617
2022-01-18,290.9928894042969,4577.10986328125,22.790000915527344
2022-01-19,291.6466064453125,4532.759765625,23.850000381469727
2022-01-20,289.9832763671875,4482.72998046875,25.59000015258789
2022-01-21,284.6278381347656,4397.93994140625,28.850000381469727
2022-01-24,284.95477294921875,4410.1298828125,29.899999618530273
2022-01-25,277.378173828125,4356.4501953125,31.15999984741211
2022-01-26,285.2817077636719,4349.93017578125,31.959999084472656
2022-01-27,288.2911376953125,4326.509765625,30.489999771118164
2022-01-28,296.3867492675781,4431.85009765625,27.65999984741211
2022-01-31,299.00201416015625,4515.5498046875,24.829999923706055
2022-02-01,296.8675537109375,4546.5400390625,21.959999084472656
2022-02-02,301.386474609375,4589.3798828125,22.09000015258789
2022-02-03,289.64678955078125,4477.43994140625,24.350000381469727
2022-02-04,294.15618896484375,4500.52978515625,23.219999313354492
2022-02-07,289.35833740234375,4483.8701171875,22.860000610351562
2022-02-08,292.8293151855469,4521.5400390625,21.440000534057617
2022-02-09,299.22314453125,4587.18017578125,19.959999084472656
2022-02-10,290.7332458496094,4504.080078125,23.90999984741211
2022-02-11,283.6759948730469,4418.64013671875,27.360000610351562
2022-02-14,283.6375732421875,4401.669921875,28.329999923706055
2022-02-15,288.89691162109375,4471.06982421875,25.700000762939453
2022-02-16,288.55963134765625,4475.009765625,24.290000915527344
2022-02-17,280.1099853515625,4380.259765625,28.110000610351562
2022-02-18,277.41229248046875,4348.8701171875,27.75
2022-02-22,277.20989990234375,4304.759765625,28.809999465942383
2022-02-23,270.0320739746094,4225.5,31.020000457763672
2022-02-24,283.8290100097656,4288.7001953125,30.31999969482422
2022-02-25,286.4496765136719,4384.64990234375,27.59000015258789
2022-02-28,287.87554931640625,4373.93994140625,30.149999618530273
2022-03-01,284.1758117675781,4306.259765625,33.31999969482422
2022-03-02,289.22442626953125,4386.5400390625,30.739999771118164
2022-03-03,285.11041259765625,4363.490234375,30.479999542236328
2022-03-04,279.271728515625,4328.8701171875,31.979999542236328
2022-03-07,268.7216796875,4201.08984375,36.45000076293945
2022-03-08,265.7735595703125,4170.7001953125,35.130001068115234
2022-03-09,277.96142578125,4277.8798828125,32.45000076293945
2022-03-10,275.15771484375,4259.52001953125,30.229999542236328
2022-03-11,269.8394470214844,4204.31005859375,30.75
2022-03-14,266.34197998046875,4173.10986328125,31.770000457763672
2022-03-15,276.6607360839844,4262.4501953125,29.829999923706055
2022-03-16,283.6363525390625,4357.85986328125,26.670000076293945
2022-03-17,284.4359436035156,4411.669921875,25.670000076293945
2022-03-18,289.4556579589844,4463.1201171875,23.8700008392334
2022-03-21,288.2320556640625,4461.18017578125,23.530000686645508
2022-03-22,292.95306396484375,4511.60986328125,22.940000534057617
2022-03-23,288.54998779296875,4456.240234375,23.56999969482422
2022-03-24,292.9916076660156,4520.16015625,21.670000076293945
2022-03-25,292.58697509765625,4543.06005859375,20.809999465942383
2022-03-28,299.35052490234375,4575.52001953125,19.6299991607666
2022-03-29,303.8884582519531,4631.60009765625,18.899999618530273
2022-03-30,302.39508056640625,4602.4501953125,19.329999923706055
2022-03-31,297.0478210449219,4530.41015625,20.559999465942383
2022-04-01,298.1172790527344,4545.85986328125,19.6299991607666
2022-04-04,303.4644775390625,4582.64013671875,18.56999969482422
2022-04-05,299.5238952636719,4525.1201171875,21.030000686645508
2022-04-06,288.55963134765625,4481.14990234375,22.100000381469727
2022-04-07,290.3612976074219,4500.2099609375,21.549999237060547
2022-04-08,286.1220397949219,4488.27978515625,21.15999984741211
2022-04-11,274.8398132324219,4412.52978515625,24.3700008392334
2022-04-12,271.7566223144531,4397.4501953125,24.260000228881836
2022-04-13,277.1136169433594,4446.58984375,21.81999969482422
2022-04-14,269.6081237792969,4392.58984375,22.700000762939453
2022-04-18,270.2729187011719,4391.68994140625,22.170000076293945
2022-04-19,274.8783264160156,4462.2099609375,21.3700008392334
2022-04-20,275.89959716796875,4459.4501953125,20.31999969482422
2022-04-21,270.5523681640625,4393.66015625,22.68000030517578
2022-04-22,264.01995849609375,4271.77978515625,28.209999084472656
2022-04-25,270.46563720703125,4296.1201171875,27.020000457763672
2022-04-26,260.3492126464844,4175.2001953125,33.52000045776367
2022-04-27,272.8742980957031,4183.9599609375,31.600000381469727
2022-04-28,279.0500793457031,4287.5,29.989999771118164
2022-04-29,267.3825378417969,4131.93017578125,33.400001525878906
2022-05-02,274.07867431640625,4155.3798828125,32.34000015258789
2022-05-03,271.48687744140625,4175.47998046875,29.25
2022-05-04,279.3874206542969,4300.169921875,25.420000076293945
2022-05-05,267.2186584472656,4146.8701171875,31.200000762939453
2022-05-06,264.6944274902344,4123.33984375,30.190000534057617
2022-05-09,254.9152069091797,3991.239990234375,34.75
2022-05-10,259.6554870605469,4001.050048828125,32.9900016784668
2022-05-11,251.03240966796875,3935.179931640625,32.560001373291016
2022-05-12,246.02236938476562,3930.080078125,31.770000457763672
2022-05-13,251.58160400390625,4023.889892578125,28.8700008392334
2022-05-16,251.94773864746094,4008.010009765625,27.469999313354492
2022-05-17,257.0733642578125,4088.85009765625,26.100000381469727
2022-05-18,245.36895751953125,3923.679931640625,30.959999084472656
2022-05-19,244.46112060546875,3900.7900390625,29.350000381469727
2022-05-20,243.9010467529297,3901.360107421875,29.43000030517578
2022-05-23,251.7136688232422,3973.75,28.479999542236328
2022-05-24,250.71897888183594,3941.47998046875,29.450000762939453
2022-05-25,253.51951599121094,3978.72998046875,28.3700008392334
2022-05-26,256.78369140625,4057.840087890625,27.5
2022-05-27,263.8719787597656,4158.240234375,25.719999313354492
2022-05-31,262.54901123046875,4132.14990234375,26.190000534057617
2022-06-01,263.08013916015625,4101.22998046875,25.690000534057617
2022-06-02,265.16607666015625,4176.81982421875,24.719999313354492
2022-06-03,260.76239013671875,4108.5400390625,24.790000915527344
2022-06-06,259.5359191894531,4121.43017578125,25.06999969482422
2022-06-07,263.157470703125,4160.68017578125,24.020000457763672
2022-06-08,261.1390686035156,4115.77001953125,23.959999084472656
2022-06-09,255.7117462158203,4017.820068359375,26.09000015258789
2022-06-10,244.31631469726562,3900.860107421875,27.75
2022-06-13,233.95416259765625,3749.6298828125,34.02000045776367
2022-06-14,236.1077117919922,3735.47998046875,32.689998626708984
2022-06-15,243.1284942626953,3789.989990234375,29.6200008392334
2022-06-16,236.57127380371094,3666.77001953125,32.95000076293945
2022-06-17,239.1593780517578,3674.840087890625,31.1299991607666
2022-06-21,245.04055786132812,3764.7900390625,30.190000534057617
2022-06-22,244.45152282714844,3759.889892578125,28.950000762939453
2022-06-23,249.98504638671875,3795.72998046875,29.049999237060547
2022-06-24,258.52191162109375,3911.739990234375,27.229999542236328
2022-06-27,255.80836486816406,3900.110107421875,26.950000762939453
2022-06-28,247.68667602539062,3821.550048828125,28.360000610351562
2022-06-29,251.33705139160156,3818.830078125,28.15999984741211
2022-06-30,248.02459716796875,3785.3798828125,28.709999084472656
2022-07-01,250.68031311035156,3825.330078125,26.700000762939453
2022-07-05,253.83824157714844,3831.389892578125,27.540000915527344
2022-07-06,257.0830993652344,3845.080078125,26.729999542236328
2022-07-07,259.1979675292969,3902.6201171875,26.079999923706055
2022-07-08,258.4833679199219,3899.3798828125,24.639999389648438
2022-07-11,255.44134521484375,3854.429931640625,26.170000076293945
2022-07-12,244.97299194335938,3818.800048828125,27.290000915527344
2022-07-13,244.0555419921875,3801.780029296875,26.81999969482422
2022-07-14,245.36895751953125,3790.3798828125,26.399999618530273
2022-07-15,247.91844177246094,3863.159912109375,24.229999542236328
2022-07-18,245.5330810546875,3830.85009765625,25.299999237060547
2022-07-19,250.63204956054688,3936.68994140625,24.5
2022-07-20,253.2781219482422,3959.89990234375,23.8799991607666
2022-07-21,255.75999450683594,3998.949951171875,23.110000610351562
2022-07-22,251.43360900878906,3961.6298828125,23.030000686645508
2022-07-25,249.95603942871094,3966.840087890625,23.360000610351562
2022-07-26,243.26365661621094,3921.050048828125,24.690000534057617
2022-07-27,259.5263366699219,4023.610107421875,23.239999771118164
2022-07-28,266.933349609375,4072.429931640625,22.329999923706055
2022-07-29,271.1148681640625,4130.2900390625,21.329999923706055
2022-08-01,268.4785461425781,4118.6298828125,22.84000015258789
2022-08-02,265.3978576660156,4091.18994140625,23.93000030517578
2022-08-03,272.7855529785156,4155.169921875,21.950000762939453
2022-08-04,273.9250793457031,4151.93994140625,21.440000534057617
2022-08-05,273.21044921875,4145.18994140625,21.149999618530273
2022-08-08,270.709228515625,4140.06005859375,21.290000915527344
2022-08-09,272.6214294433594,4122.47021484375,21.770000457763672
2022-08-10,279.2462158203125,4210.240234375,19.739999771118164
2022-08-11,277.1795959472656,4207.27001953125,20.200000762939453
2022-08-12,281.9018859863281,4280.14990234375,19.530000686645508
2022-08-15,283.4084777832031,4297.14013671875,19.950000762939453
2022-08-16,282.6744689941406,4305.2001953125,19.690000534057617
2022-08-17,281.92938232421875,4274.0400390625,19.899999618530273
2022-08-18,280.81646728515625,4283.740234375,19.559999465942383
2022-08-19,276.92596435546875,4228.47998046875,20.600000381469727
2022-08-22,268.7967224121094,4137.990234375,23.799999237060547
2022-08-23,267.5289611816406,4128.72998046875,24.110000610351562
2022-08-24,266.89990234375,4140.77001953125,22.81999969482422
2022-08-25,269.8612976074219,4199.1201171875,21.780000686645508
2022-08-26,259.4481201171875,4057.659912109375,25.559999465942383
2022-08-29,256.68035888671875,4030.610107421875,26.209999084472656
2022-08-30,254.49317932128906,3986.159912109375,26.209999084472656
2022-08-31,253.04151916503906,3955.0,25.8700008392334
2022-09-01,252.0059814453125,3966.85009765625,25.559999465942383
2022-09-02,247.80593872070312,3924.260009765625,25.469999313354492
2022-09-06,245.08645629882812,3908.18994140625,26.90999984741211
2022-09-07,249.77049255371094,3979.8701171875,24.639999389648438
2022-09-08,250.1865997314453,4006.179931640625,23.610000610351562
2022-09-09,255.93516540527344,4067.360107421875,22.790000915527344
2022-09-12,258.0545349121094,4110.41015625,23.8700008392334
2022-09-13,243.86712646484375,3932.68994140625,27.270000457763672
2022-09-14,244.08969116210938,3946.010009765625,26.15999984741211
2022-09-15,237.47018432617188,3901.35009765625,26.270000457763672
2022-09-16,236.85081481933594,3873.330078125,26.299999237060547
2022-09-19,236.63787841796875,3899.889892578125,25.760000228881836
2022-09-20,234.63461303710938,3855.929931640625,27.15999984741211
2022-09-21,231.2474365234375,3789.929931640625,27.989999771118164
2022-09-22,233.2120361328125,3757.989990234375,27.350000381469727
2022-09-23,230.25062561035156,3693.22998046875,29.920000076293945
2022-09-26,229.79580688476562,3655.0400390625,32.2599983215332
2022-09-27,228.78933715820312,3647.2900390625,32.599998474121094
2022-09-28,233.29910278320312,3719.0400390625,30.18000030517578
2022-09-29,229.84420776367188,3640.469970703125,31.84000015258789
2022-09-30,225.3924560546875,3585.6201171875,31.6200008392334
2022-10-03,232.9797821044922,3678.429931640625,30.100000381469727
2022-10-04,240.8573760986328,3790.929931640625,29.06999969482422
2022-10-05,241.16705322265625,3783.280029296875,28.549999237060547
2022-10-06,238.83474731445312,3744.52001953125,30.520000457763672
2022-10-07,226.6892852783203,3639.659912109375,31.360000610351562
2022-10-10,221.86013793945312,3612.389892578125,32.45000076293945
2022-10-11,218.1439208984375,3588.840087890625,33.630001068115234
2022-10-12,218.4729461669922,3577.030029296875,33.56999969482422
2022-10-13,226.6892852783203,3669.909912109375,31.940000534057617
2022-10-14,221.19236755371094,3583.070068359375,32.02000045776367
2022-10-17,229.8732147216797,3677.949951171875,31.3700008392334
2022-10-18,230.81198120117188,3719.97998046875,30.5
2022-10-19,228.85704040527344,3695.159912109375,30.760000228881836
2022-10-20,228.53770446777344,3665.780029296875,29.979999542236328
2022-10-21,234.31527709960938,3752.75,29.690000534057617
2022-10-24,239.27993774414062,3797.340087890625,29.850000381469727
2022-10-25,242.57998657226562,3859.110107421875,28.459999084472656
2022-10-26,223.8634033203125,3830.60009765625,27.280000686645508
2022-10-27,219.4407196044922,3807.300048828125,27.389999389648438
2022-10-28,228.26675415039062,3901.06005859375,25.75
2022-10-31,224.64730834960938,3871.97998046875,25.8799991607666
2022-11-01,220.81495666503906,3856.10009765625,25.809999465942383
2022-11-02,213.00511169433594,3759.68994140625,25.860000610351562
2022-11-03,207.3436737060547,3719.889892578125,25.299999237060547
2022-11-04,214.2534942626953,3770.550048828125,24.549999237060547
2022-11-07,220.52462768554688,3806.800048828125,24.350000381469727
2022-11-08,221.49237060546875,3828.110107421875,25.540000915527344
2022-11-09,217.27293395996094,3748.570068359375,26.09000015258789
2022-11-10,235.1475372314453,3956.3701171875,23.530000686645508
2022-11-11,239.14442443847656,3992.929931640625,22.520000457763672
2022-11-14,233.76364135742188,3957.25,23.729999542236328
2022-11-15,234.1700897216797,3991.72998046875,24.540000915527344
2022-11-16,234.5970916748047,3958.7900390625,24.110000610351562
2022-11-17,234.548583984375,3946.56005859375,23.93000030517578
2022-11-18,234.1021728515625,3965.340087890625,23.1200008392334
2022-11-21,234.9076690673828,3949.93994140625,22.360000610351562
2022-11-22,237.7997283935547,4003.580078125,21.290000915527344
2022-11-23,240.27450561523438,4027.260009765625,20.350000381469727
2022-11-25,240.18716430664062,4026.1201171875,20.5
2022-11-28,234.62619018554688,3963.93994140625,22.209999084472656
2022-11-29,233.23838806152344,3957.6298828125,21.889999389648438
2022-11-30,247.61138916015625,4080.110107421875,20.579999923706055
2022-12-01,247.1747283935547,4076.570068359375,19.84000015258789
2022-12-02,247.49496459960938,4071.699951171875,19.059999465942383
2022-12-05,242.8171844482422,3998.840087890625,20.75
2022-12-06,237.88705444335938,3941.260009765625,22.170000076293945
2022-12-07,237.15924072265625,3933.919921875,22.68000030517578
2022-12-08,240.09982299804688,3963.510009765625,22.290000915527344
2022-12-09,238.17822265625,3934.3798828125,22.829999923706055
2022-12-12,245.05899047851562,3990.56005859375,25.0
2022-12-13,249.3388671875,4019.64990234375,22.549999237060547
2022-12-14,249.6300811767578,3995.320068359375,21.139999389648438
2022-12-15,241.66229248046875,3895.75,22.829999923706055
2022-12-16,237.46974182128906,3852.360107421875,22.6200008392334
2022-12-19,233.3548583984375,3817.659912109375,22.420000076293945
2022-12-20,234.6650848388672,3821.6201171875,21.479999542236328
2022-12-21,237.21746826171875,3878.43994140625,20.06999969482422
2022-12-22,231.1615447998047,3822.389892578125,21.969999313354492
2022-12-23,231.68565368652344,3844.820068359375,20.8700008392334
2022-12-27,229.96786499023438,3829.25,21.649999618530273
2022-12-28,227.6095428466797,3783.219970703125,22.139999389648438
2022-12-29,233.89837646484375,3849.280029296875,21.440000534057617
2022-12-30,232.74346923828125,3839.5,21.670000076293945
2023-01-03,232.51058959960938,3824.139892578125,22.899999618530273
2023-01-04,222.3397979736328,3852.969970703125,22.010000228881836
2023-01-05,215.75018310546875,3808.10009765625,22.459999084472656
2023-01-06,218.2928466796875,3895.080078125,21.1299991607666
2023-01-09,220.41822814941406,3892.090087890625,21.969999313354492
2023-01-10,222.09715270996094,3919.25,20.579999923706055
2023-01-11,228.81298828125,3969.610107421875,21.09000015258789
2023-01-12,231.4721221923828,3983.169921875,18.829999923706055
2023-01-13,232.17088317871094,3999.090087890625,18.350000381469727
2023-01-17,233.25784301757812,3990.969970703125,19.360000610351562
2023-01-18,228.85177612304688,3928.860107421875,20.34000015258789
2023-01-19,225.0863037109375,3898.85009765625,20.520000457763672
2023-01-20,233.1316680908203,3972.610107421875,19.850000381469727
2023-01-23,235.42201232910156,4019.81005859375,19.809999465942383
2023-01-24,234.89794921875,4016.949951171875,19.200000762939453
2023-01-25,233.51019287109375,4016.219970703125,19.079999923706055
2023-01-26,240.6820831298828,4060.429931640625,18.729999542236328
2023-01-27,240.83740234375,4070.56005859375,18.510000228881836
2023-01-30,235.54820251464844,4017.77001953125,19.940000534057617
2023-01-31,240.49769592285156,4076.60009765625,19.399999618530273
2023-02-01,245.2919464111328,4119.2099609375,17.8700008392334
2023-02-02,256.7922668457031,4179.759765625,18.729999542236328
2023-02-03,250.72671508789062,4136.47998046875,18.329999923706055
2023-02-06,249.1932830810547,4111.080078125,19.43000030517578
2023-02-07,259.6649475097656,4164.0,18.65999984741211
2023-02-08,258.8594665527344,4117.85986328125,19.6299991607666
2023-02-09,255.8411865234375,4081.5,20.709999084472656
2023-02-10,255.33653259277344,4090.4599609375,20.530000686645508
2023-02-13,263.3139953613281,4137.2900390625,20.34000015258789
2023-02-14,264.1388854980469,4136.1298828125,18.90999984741211
2023-02-15,262.0276184082031,4147.60009765625,18.229999542236328
2023-02-16,255.05178833007812,4090.409912109375,20.170000076293945
2023-02-17,251.0725860595703,4079.090087890625,20.020000457763672
2023-02-21,245.8284912109375,3997.340087890625,22.8700008392334
2023-02-22,244.69989013671875,3991.050048828125,22.290000915527344
2023-02-23,247.8716278076172,4012.320068359375,21.139999389648438
2023-02-24,242.471923828125,3970.0400390625,21.670000076293945
2023-02-27,243.3864288330078,3982.239990234375,20.950000762939453
2023-02-28,242.66650390625,3970.14990234375,20.700000762939453
2023-03-01,239.60177612304688,3951.389892578125,20.579999923706055
2023-03-02,244.3107452392578,3981.35009765625,19.59000015258789
2023-03-03,248.37754821777344,4045.639892578125,18.489999771118164
2023-03-06,249.91476440429688,4048.419921875,18.610000610351562
2023-03-07,247.2683868408203,3986.3701171875,19.59000015258789
2023-03-08,246.8306121826172,3992.010009765625,19.110000610351562
2023-03-09,245.4879913330078,3918.320068359375,22.610000610351562
2023-03-10,241.8589630126953,3861.590087890625,24.799999237060547
2023-03-13,247.04461669921875,3855.760009765625,26.520000457763672
2023-03-14,253.72866821289062,3919.2900390625,23.729999542236328
2023-03-15,258.25274658203125,3891.929931640625,26.139999389648438
2023-03-16,268.72149658203125,3960.280029296875,22.989999771118164
2023-03-17,271.8638916015625,3916.639892578125,25.510000228881836
2023-03-20,264.85888671875,3951.570068359375,24.149999618530273
2023-03-21,266.36688232421875,4002.8701171875,21.3799991607666
2023-03-22,264.9172668457031,3936.969970703125,22.260000228881836
2023-03-23,270.1418151855469,3948.719970703125,22.610000610351562
2023-03-24,272.9730529785156,3970.989990234375,21.739999771118164
2023-03-27,268.896484375,3977.530029296875,20.600000381469727
2023-03-28,267.77764892578125,3971.27001953125,19.969999313354492
2023-03-29,272.9146423339844,4027.81005859375,19.1200008392334
2023-03-30,276.3588562011719,4050.830078125,19.020000457763672
2023-03-31,280.4936828613281,4109.31005859375,18.700000762939453
2023-04-03,279.4527587890625,4124.509765625,18.549999237060547
2023-04-04,279.4040832519531,4100.60009765625,19.0
2023-04-05,276.6408996582031,4090.3798828125,19.079999923706055
2023-04-06,283.704345703125,4105.02001953125,18.399999618530273
2023-04-10,281.55419921875,4109.10986328125,18.969999313354492
2023-04-11,275.171875,4108.93994140625,19.100000381469727
2023-04-12,275.81402587890625,4091.949951171875,19.09000015258789
2023-04-13,281.9920654296875,4146.22021484375,17.799999237060547
2023-04-14,278.3921813964844,4137.64013671875,17.06999969482422
2023-04-17,280.9801330566406,4151.31982421875,16.950000762939453
2023-04-18,280.5618896484375,4154.8701171875,16.829999923706055
2023-04-19,280.6397399902344,4154.52001953125,16.459999084472656
2023-04-20,278.36297607421875,4129.7900390625,17.170000076293945
2023-04-21,278.02252197265625,4133.52001953125,16.770000457763672
2023-04-24,274.1405944824219,4137.0400390625,16.889999389648438
2023-04-25,267.9625244140625,4071.6298828125,18.760000228881836
2023-04-26,287.372314453125,4055.989990234375,18.84000015258789
2023-04-27,296.5762023925781,4135.35009765625,17.030000686645508
2023-04-28,298.9403991699219,4169.47998046875,15.779999732971191
2023-05-01,297.28643798828125,4167.8701171875,16.079999923706055
2023-05-02,297.1405334472656,4119.580078125,17.780000686645508
2023-05-03,296.1578369140625,4090.75,18.34000015258789
2023-05-04,297.1405334472656,4061.219970703125,20.09000015258789
2023-05-05,302.2385559082031,4136.25,17.190000534057617
2023-05-08,300.2926940917969,4138.1201171875,16.979999542236328
2023-05-09,298.6873474121094,4119.169921875,17.709999084472656
2023-05-10,303.8536376953125,4137.64013671875,16.940000534057617
2023-05-11,301.71319580078125,4130.6201171875,16.93000030517578
2023-05-12,300.60406494140625,4124.080078125,17.030000686645508
2023-05-15,301.0807800292969,4136.27978515625,17.1200008392334
2023-05-16,303.2990417480469,4109.89990234375,17.989999771118164
2023-05-17,306.1656799316406,4158.77001953125,16.8700008392334
2023-05-18,310.5729064941406,4198.0498046875,16.049999237060547
2023-05-19,310.39739990234375,4191.97998046875,16.809999465942383
2023-05-22,313.16656494140625,4192.6298828125,17.209999084472656
2023-05-23,307.39422607421875,4145.580078125,18.530000686645508
2023-05-24,306.0194396972656,4115.240234375,20.030000686645508
2023-05-25,317.788330078125,4151.27978515625,19.139999389648438
2023-05-26,324.5844421386719,4205.4501953125,17.950000762939453
2023-05-30,322.9463806152344,4205.52001953125,17.459999084472656
2023-05-31,320.19671630859375,4179.830078125,17.940000534057617
2023-06-01,324.28216552734375,4221.02001953125,15.649999618530273
2023-06-02,327.03179931640625,4282.3701171875,14.600000381469727
2023-06-05,327.55828857421875,4273.7900390625,14.729999542236328
2023-06-06,325.3547058105469,4283.85009765625,13.960000038146973
2023-06-07,315.3116455078125,4267.52001953125,13.9399995803833
2023-06-08,317.144775390625,4293.93017578125,13.649999618530273
2023-06-09,318.6365966796875,4298.85986328125,13.829999923706055
2023-06-12,323.5703430175781,4338.93017578125,15.010000228881836
2023-06-13,325.9494934082031,4369.009765625,14.609999656677246
2023-06-14,328.9233703613281,4372.58984375,13.880000114440918
2023-06-15,339.4148864746094,4425.83984375,14.5
2023-06-16,333.7889099121094,4409.58984375,13.539999961853027
2023-06-20,329.6156005859375,4388.7099609375,13.880000114440918
2023-06-21,325.23773193359375,4365.68994140625,13.199999809265137
2023-06-22,331.2342529296875,4381.89013671875,12.90999984741211
2023-06-23,326.6612548828125,4348.330078125,13.4399995803833
2023-06-26,320.4014587402344,4328.81982421875,14.25
2023-06-27,326.2225036621094,4378.41015625,13.739999771118164
2023-06-28,327.4705810546875,4376.85986328125,13.430000305175781
2023-06-29,326.6905517578125,4396.43994140625,13.539999961853027
2023-06-30,332.04351806640625,4450.3798828125,13.59000015258789
2023-07-03,329.5572204589844,4455.58984375,13.569999694824219
2023-07-05,329.7131652832031,4446.81982421875,14.180000305175781
2023-07-06,332.7553405761719,4411.58984375,15.4399995803833
2023-07-07,328.8063659667969,4398.9501953125,14.829999923706055
2023-07-10,323.5508117675781,4409.52978515625,15.069999694824219
2023-07-11,324.1748352050781,4439.259765625,14.84000015258789
2023-07-12,328.7868347167969,4472.16015625,13.539999961853027
2023-07-13,334.11065673828125,4510.0400390625,13.609999656677246
2023-07-14,336.6262512207031,4505.419921875,13.34000015258789
2023-07-17,337.10406494140625,4522.7900390625,13.479999542236328
2023-07-18,350.520751953125,4554.97998046875,13.300000190734863
2023-07-19,346.2207336425781,4565.72021484375,13.760000228881836
2023-07-20,338.2156066894531,4534.8701171875,13.989999771118164
2023-07-21,335.1929931640625,4536.33984375,13.600000381469727
2023-07-24,336.4994812011719,4554.64013671875,13.90999984741211
2023-07-25,342.2231140136719,4567.4599609375,13.859999656677246
2023-07-26,329.3426208496094,4566.75,13.1899995803833
2023-07-27,322.468505859375,4537.41015625,14.40999984741211
2023-07-28,329.92767333984375,4582.22998046875,13.329999923706055
2023-07-31,327.5387878417969,4588.9599609375,13.630000114440918
2023-08-01,327.9483337402344,4576.72998046875,13.930000305175781
2023-08-02,319.3288879394531,4513.39013671875,16.09000015258789
2023-08-03,318.50982666015625,4501.89013671875,15.920000076293945
2023-08-04,319.6018981933594,4478.02978515625,17.100000381469727
2023-08-07,321.873779296875,4518.43994140625,15.770000457763672
2023-08-08,317.9150695800781,4499.3798828125,15.989999771118164
2023-08-09,314.1903381347656,4467.7099609375,15.960000038146973
2023-08-10,314.8728942871094,4468.830078125,15.850000381469727
2023-08-11,313.0008544921875,4464.0498046875,14.84000015258789
2023-08-14,315.9552001953125,4489.72021484375,14.819999694824219
2023-08-15,313.8296203613281,4437.85986328125,16.459999084472656
2023-08-16,313.06744384765625,4404.330078125,16.780000686645508
2023-08-17,309.6280212402344,4370.35986328125,17.889999389648438
2023-08-18,309.2371826171875,4369.7099609375,17.299999237060547
2023-08-21,314.51361083984375,4399.77001953125,17.1299991607666
2023-08-22,315.080322265625,4387.5498046875,16.969999313354492
2023-08-23,319.5163879394531,4436.009765625,15.979999542236328
2023-08-24,312.6473388671875,4376.31005859375,17.200000762939453
2023-08-25,315.5884094238281,4405.7099609375,15.680000305175781
2023-08-28,316.29193115234375,4433.31005859375,15.079999923706055
2023-08-29,320.89410400390625,4497.6298828125,14.449999809265137
2023-08-30,321.26544189453125,4514.8701171875,13.880000114440918
2023-08-31,320.259033203125,4507.66015625,13.569999694824219
2023-09-01,321.138427734375,4515.77001953125,13.09000015258789
2023-09-05,325.9164733886719,4496.830078125,14.010000228881836
2023-09-06,325.26190185546875,4465.47998046875,14.449999809265137
2023-09-07,322.35986328125,4451.14013671875,14.399999618530273
2023-09-08,326.62005615234375,4457.490234375,13.84000015258789
2023-09-11,330.2060546875,4487.4599609375,13.800000190734863
2023-09-12,324.1772155761719,4461.89990234375,14.229999542236328
2023-09-13,328.3691101074219,4467.43994140625,13.479999542236328
2023-09-14,330.9486389160156,4505.10009765625,12.819999694824219
2023-09-15,322.6627502441406,4450.31982421875,13.789999961853027
2023-09-18,321.5292663574219,4453.52978515625,14.0
2023-09-19,321.12872314453125,4443.9501953125,14.109999656677246
2023-09-20,313.4289855957031,4402.2001953125,15.140000343322754
2023-09-21,312.21734619140625,4330.0,17.540000915527344
2023-09-22,309.75506591796875,4320.06005859375,17.200000762939453
2023-09-25,310.27294921875,4337.43994140625,16.899999618530273
2023-09-26,304.99652099609375,4273.52978515625,18.940000534057617
2023-09-27,305.631591796875,4274.509765625,18.219999313354492
2023-09-28,306.46221923828125,4299.7001953125,17.34000015258789
2023-09-29,308.5238952636719,4288.0498046875,17.520000457763672
2023-10-02,314.43536376953125,4288.39013671875,17.610000610351562
2023-10-03,306.2178955078125,4229.4501953125,19.780000686645508
2023-10-04,311.6604919433594,4263.75,18.579999923706055
2023-10-05,312.05126953125,4258.18994140625,18.489999771118164
2023-10-06,319.7705078125,4308.5,17.450000762939453
2023-10-09,322.2718505859375,4335.66015625,17.700000762939453
2023-10-10,320.8746032714844,4358.240234375,17.030000686645508
2023-10-11,324.8123779296875,4376.9501953125,16.09000015258789
2023-10-12,323.5812072753906,4349.60986328125,16.690000534057617
2023-10-13,320.229736328125,4327.77978515625,19.31999969482422
2023-10-16,325.02734375,4373.6298828125,17.209999084472656
2023-10-17,324.4606018066406,4373.2001953125,17.8799991607666
2023-10-18,322.5552673339844,4314.60009765625,19.219999313354492
2023-10-19,323.7375183105469,4278.0,21.399999618530273
2023-10-20,319.1940002441406,4224.16015625,21.709999084472656
2023-10-23,321.78326416015625,4217.0400390625,20.3700008392334
2023-10-24,322.9656677246094,4247.68017578125,18.969999313354492
2023-10-25,332.8735656738281,4186.77001953125,20.190000534057617
2023-10-26,320.38604736328125,4137.22998046875,20.68000030517578
2023-10-27,322.2620849609375,4117.3701171875,21.270000457763672
2023-10-30,329.59051513671875,4166.81982421875,19.75
2023-10-31,330.3721618652344,4193.7998046875,18.139999389648438
2023-11-01,338.14996337890625,4237.85986328125,16.8700008392334
2023-11-02,340.3484802246094,4317.77978515625,15.65999984741211
2023-11-03,344.7259216308594,4358.33984375,14.90999984741211
2023-11-06,348.37060546875,4365.97998046875,14.890000343322754
2023-11-07,352.2790832519531,4378.3798828125,14.8100004196167
2023-11-08,354.8879699707031,4382.77978515625,14.449999809265137
2023-11-09,352.4354248046875,4347.35009765625,15.289999961853027
2023-11-10,361.20989990234375,4415.240234375,14.170000076293945
2023-11-13,358.288330078125,4411.5498046875,14.760000228881836
2023-11-14,361.7961730957031,4495.7001953125,14.15999984741211
2023-11-15,361.94305419921875,4502.8798828125,14.180000305175781
2023-11-16,368.3071594238281,4508.240234375,14.319999694824219
2023-11-17,362.1192626953125,4514.02001953125,13.800000190734863
2023-11-20,369.55059814453125,4547.3798828125,13.40999984741211
2023-11-21,365.27203369140625,4538.18994140625,13.350000381469727
2023-11-22,369.9520568847656,4556.6201171875,12.850000381469727
2023-11-24,369.5408020019531,4559.33984375,12.460000038146973
2023-11-27,370.69610595703125,4550.43017578125,12.6899995803833
2023-11-28,374.7007141113281,4554.89013671875,12.6899995803833
2023-11-29,370.93115234375,4550.580078125,12.979999542236328
2023-11-30,370.9898986816406,4567.7998046875,12.920000076293945
2023-12-01,366.681884765625,4594.6298828125,12.630000114440918
2023-12-04,361.4241027832031,4569.77978515625,13.079999923706055
2023-12-05,364.73345947265625,4567.18017578125,12.850000381469727
2023-12-06,361.0911560058594,4549.33984375,12.970000267028809
2023-12-07,363.1962890625,4585.58984375,13.0600004196167
2023-12-08,366.40771484375,4604.3701171875,12.350000381469727
2023-12-11,363.5389099121094,4622.43994140625,12.630000114440918
2023-12-12,366.5545654296875,4643.7001953125,12.069999694824219
2023-12-13,366.5447998046875,4707.08984375,12.1899995803833
2023-12-14,358.2811584472656,4719.5498046875,12.479999542236328
2023-12-15,362.9808654785156,4719.18994140625,12.279999732971191
2023-12-18,364.8606872558594,4740.56005859375,12.5600004196167
2023-12-19,365.45794677734375,4768.3701171875,12.529999732971191
2023-12-20,362.8731384277344,4698.35009765625,13.670000076293945
2023-12-21,365.7321472167969,4746.75,13.649999618530273
2023-12-22,366.7503662109375,4754.6298828125,13.029999732971191
2023-12-26,366.82867431640625,4774.75,12.989999771118164
2023-12-27,366.25103759765625,4781.580078125,12.430000305175781
2023-12-28,367.4357604980469,4783.35009765625,12.470000267028809
2023-12-29,368.1798400878906,4769.830078125,12.449999809265137
2024-01-02,363.11798095703125,4742.830078125,13.199999809265137
2024-01-03,362.8535461425781,4704.81005859375,14.039999961853027
2024-01-04,360.2491455078125,4688.68017578125,14.130000114440918
2024-01-05,360.06317138671875,4697.240234375,13.350000381469727
2024-01-08,366.85809326171875,4763.5400390625,13.079999923706055
2024-01-09,367.93511962890625,4756.5,12.760000228881836
2024-01-10,374.7691955566406,4783.4501953125,12.6899995803833
2024-01-11,376.59033203125,4780.240234375,12.4399995803833
2024-01-12,380.3500061035156,4783.830078125,12.699999809265137
2024-01-16,382.1123962402344,4765.97998046875,13.84000015258789
2024-01-17,381.32916259765625,4739.2099609375,14.789999961853027
2024-01-18,385.6371765136719,4780.93994140625,14.130000114440918
2024-01-19,390.33685302734375,4839.81005859375,13.300000190734863
2024-01-22,388.2220153808594,4850.43017578125,13.1899995803833
2024-01-23,390.56207275390625,4864.60009765625,12.550000190734863
2024-01-24,394.1455078125,4868.5498046875,13.140000343322754
2024-01-25,396.4072570800781,4894.16015625,13.449999809265137
2024-01-26,395.4869079589844,4890.97021484375,13.260000228881836
2024-01-29,401.1558837890625,4927.93017578125,13.600000381469727
2024-01-30,400.0494689941406,4924.97021484375,13.3100004196167
2024-01-31,389.2696228027344,4845.64990234375,14.350000381469727
2024-02-01,395.34002685546875,4906.18994140625,13.880000114440918
2024-02-02,402.62451171875,4958.60986328125,13.850000381469727
2024-02-05,397.1709899902344,4942.81005859375,13.670000076293945
2024-02-06,397.0142517089844,4954.22998046875,13.0600004196167
2024-02-07,405.3953552246094,4995.06005859375,12.829999923706055
2024-02-08,405.4541015625,4997.91015625,12.789999961853027
2024-02-09,411.7594299316406,5026.60986328125,12.930000305175781
2024-02-12,406.580078125,5021.83984375,13.930000305175781
2024-02-13,397.8269348144531,4953.169921875,15.850000381469727
2024-02-14,401.672119140625,5000.6201171875,14.380000114440918
2024-02-15,398.7980651855469,5029.72998046875,14.010000228881836
2024-02-16,396.34576416015625,5005.56982421875,14.239999771118164
2024-02-20,395.10003662109375,4975.509765625,15.420000076293945
2024-02-21,394.50164794921875,4981.7998046875,15.34000015258789
2024-02-22,403.7909240722656,5087.02978515625,14.539999961853027
2024-02-23,402.50579833984375,5088.7998046875,13.75
2024-02-26,399.7593078613281,5069.52978515625,13.739999771118164
2024-02-27,399.70050048828125,5078.18017578125,13.430000305175781
2024-02-28,399.9358825683594,5069.759765625,13.84000015258789
2024-02-29,405.742919921875,5096.27001953125,13.399999618530273
2024-03-01,407.5673828125,5137.080078125,13.109999656677246
2024-03-04,406.99847412109375,5130.9501953125,13.489999771118164
2024-03-05,394.962646484375,5078.64990234375,14.460000038146973
2024-03-06,394.41339111328125,5104.759765625,14.5
2024-03-07,401.3288269042969,5157.35986328125,14.4399995803833
2024-03-08,398.4645690917969,5123.68994140625,14.739999771118164
2024-03-11,396.7969665527344,5117.93994140625,15.220000267028809
2024-03-12,407.3515625,5175.27001953125,13.84000015258789
2024-03-13,407.17498779296875,5165.31005859375,13.75
2024-03-14,417.1017761230469,5150.47998046875,14.399999618530273
2024-03-15,408.4698181152344,5117.08984375,14.40999984741211
2024-03-18,409.3525695800781,5149.419921875,14.329999923706055
2024-03-19,413.364501953125,5178.509765625,13.819999694824219
2024-03-20,417.11163330078125,5224.6201171875,13.039999961853027
2024-03-21,421.17254638671875,5241.52978515625,12.920000076293945
2024-03-22,420.5545654296875,5234.18017578125,13.0600004196167
2024-03-25,414.7868347167969,5218.18994140625,13.1899995803833
2024-03-26,413.59991455078125,5203.580078125,13.239999771118164
2024-03-27,413.3841552734375,5248.490234375,12.779999732971191
2024-03-28,412.6876525878906,5254.35009765625,13.010000228881836
2024-04-01,416.46417236328125,5243.77001953125,13.649999618530273
2024-04-02,413.3939514160156,5205.81005859375,14.609999656677246
2024-04-03,412.4228515625,5211.490234375,14.329999923706055
2024-04-04,409.9018859863281,5147.2099609375,16.350000381469727
2024-04-05,417.39605712890625,5204.33984375,16.030000686645508
2024-04-08,416.48382568359375,5202.39013671875,15.1899995803833
2024-04-09,418.1415710449219,5209.91015625,14.979999542236328
2024-04-10,415.17919921875,5160.64013671875,15.800000190734863
2024-04-11,419.7600402832031,5199.06005859375,14.90999984741211
2024-04-12,413.84515380859375,5123.41015625,17.309999465942383
2024-04-15,405.742919921875,5061.81982421875,19.229999542236328
2024-04-16,406.6649169921875,5051.41015625,18.399999618530273
2024-04-17,403.9772033691406,5022.2099609375,18.209999084472656
2024-04-18,396.55169677734375,5011.1201171875,18.0
2024-04-19,391.5000915527344,4967.22998046875,18.709999084472656
2024-04-22,393.30499267578125,5010.60009765625,16.940000534057617
2024-04-23,399.7887878417969,5070.5498046875,15.6899995803833
2024-04-24,401.2503356933594,5071.6298828125,15.970000267028809
2024-04-25,391.4216613769531,5048.419921875,15.369999885559082
2024-04-26,398.5626220703125,5099.9599609375,15.029999732971191
2024-04-29,394.5703430175781,5116.169921875,14.670000076293945
2024-04-30,381.8970031738281,5035.68994140625,15.649999618530273
2024-05-01,387.3999328613281,5018.39013671875,15.390000343322754
2024-05-02,390.2445373535156,5064.2001953125,14.680000305175781
2024-05-03,398.8961181640625,5127.7900390625,13.489999771118164
2024-05-06,405.644775390625,5180.740234375,13.489999771118164
2024-05-07,401.5249938964844,5187.7001953125,13.229999542236328
2024-05-08,402.7020263671875,5187.669921875,13.0
2024-05-09,404.44805908203125,5214.080078125,12.6899995803833
2024-05-10,406.82183837890625,5222.68017578125,12.550000190734863
2024-05-13,405.8213195800781,5221.419921875,13.600000381469727
2024-05-14,408.6070861816406,5246.68017578125,13.420000076293945
2024-05-15,415.75115966796875,5308.14990234375,12.449999809265137
2024-05-16,413.6973571777344,5297.10009765625,12.420000076293945
2024-05-17,412.93084716796875,5303.27001953125,11.989999771118164
2024-05-20,417.9720764160156,5308.1298828125,12.149999618530273
2024-05-21,421.60797119140625,5321.41015625,11.859999656677246
2024-05-22,423.06231689453125,5307.009765625,12.289999961853027
2024-05-23,419.6033020019531,5267.83984375,12.770000457763672
2024-05-24,422.70855712890625,5304.72021484375,11.930000305175781
2024-05-28,422.86578369140625,5306.0400390625,12.920000076293945
2024-05-29,421.7356872558594,5266.9501953125,14.279999732971191
2024-05-30,407.4869384765625,5235.47998046875,14.470000267028809
2024-05-31,407.9389343261719,5277.509765625,12.920000076293945
2024-06-03,406.3567199707031,5283.39990234375,13.109999656677246
2024-06-04,408.8627014160156,5291.33984375,13.15999984741211
2024-06-05,416.6650695800781,5354.02978515625,12.630000114440918
2024-06-06,417.1662292480469,5352.9599609375,12.579999923706055
2024-06-07,416.5078430175781,5346.990234375,12.220000267028809
2024-06-10,420.4582214355469,5360.7900390625,12.739999771118164
2024-06-11,425.1848449707031,5375.31982421875,12.850000381469727
2024-06-12,433.419677734375,5421.02978515625,12.039999961853027
2024-06-13,433.93072509765625,5433.740234375,11.9399995803833
2024-06-14,434.90362548828125,5431.60009765625,12.65999984741211
2024-06-17,440.6031188964844,5473.22998046875,12.75
2024-06-18,438.6082458496094,5487.02978515625,12.300000190734863
2024-06-20,437.9794006347656,5473.169921875,13.279999732971191
2024-06-21,441.9886779785156,5464.6201171875,13.199999809265137
2024-06-24,439.9152526855469,5447.8701171875,13.329999923706055
2024-06-25,443.138427734375,5469.2998046875,12.84000015258789
2024-06-26,444.3274841308594,5477.89990234375,12.550000190734863
2024-06-27,445.0055236816406,5482.8701171875,12.239999771118164
2024-06-28,439.207763671875,5460.47998046875,12.4399995803833
2024-07-01,448.81829833984375,5475.08984375,12.220000267028809
2024-07-02,451.3241271972656,5509.009765625,12.029999732971191
2024-07-03,452.7882995605469,5537.02001953125,12.09000015258789
2024-07-05,459.4606628417969,5567.18994140625,12.479999542236328
2024-07-08,458.1636047363281,5572.85009765625,12.369999885559082
2024-07-09,451.57958984375,5576.97998046875,12.510000228881836
2024-07-10,458.1733703613281,5633.91015625,12.850000381469727
2024-07-11,446.82354736328125,5584.5400390625,12.920000076293945
2024-07-12,445.6933898925781,5615.35009765625,12.460000038146973
2024-07-15,446.0962829589844,5631.22021484375,13.119999885559082
2024-07-16,441.73321533203125,5667.2001953125,13.1899995803833
2024-07-17,435.83709716796875,5588.27001953125,14.479999542236328
2024-07-18,432.7416687011719,5544.58984375,15.930000305175781
2024-07-19,429.53814697265625,5505.0,16.520000457763672
2024-07-22,435.2671813964844,5564.41015625,14.90999984741211
2024-07-23,437.1440734863281,5555.740234375,14.720000267028809
2024-07-24,421.4703369140625,5427.1298828125,18.040000915527344
2024-07-25,411.1522521972656,5399.22021484375,18.459999084472656
2024-07-26,417.90325927734375,5459.10009765625,16.389999389648438
2024-07-29,419.33795166015625,5463.5400390625,16.600000381469727
2024-07-30,415.5939636230469,5436.43994140625,17.690000534057617
2024-07-31,411.1031188964844,5522.2998046875,16.360000610351562
2024-08-01,409.8845520019531,5446.68017578125,18.59000015258789
2024-08-02,401.4139099121094,5346.56005859375,23.389999389648438
2024-08-05,388.3050231933594,5186.330078125,38.56999969482422
2024-08-06,392.6877136230469,5240.02978515625,27.709999084472656
2024-08-07,391.5281677246094,5199.5,27.850000381469727
2024-08-08,395.71441650390625,5319.31005859375,23.790000915527344
2024-08-09,398.9867248535156,5344.16015625,20.3700008392334
2024-08-12,399.76300048828125,5344.39013671875,20.709999084472656
2024-08-13,406.83831787109375,5434.43017578125,18.1200008392334
2024-08-14,409.6390075683594,5455.2099609375,16.190000534057617
2024-08-15,414.482421875,5543.22021484375,15.229999542236328
2024-08-16,411.9622497558594,5554.25,14.800000190734863
2024-08-19,414.9746398925781,5608.25,14.649999618530273
2024-08-20,418.19378662109375,5597.1201171875,15.880000114440918
2024-08-21,417.5440673828125,5620.85009765625,16.270000457763672
2024-08-22,409.0876159667969,5570.64013671875,17.549999237060547
2024-08-23,410.3083801269531,5634.60986328125,15.859999656677246
2024-08-26,407.0596618652344,5616.83984375,16.149999618530273
2024-08-27,407.40423583984375,5625.7998046875,15.430000305175781
2024-08-28,404.21466064453125,5592.18017578125,17.110000610351562
2024-08-29,406.6954345703125,5591.9599609375,15.649999618530273
2024-08-30,410.6529235839844,5648.39990234375,15.0
2024-09-03,403.0726318359375,5528.93017578125,20.719999313354492
2024-09-04,402.541015625,5520.06982421875,21.31999969482422
2024-09-05,402.03900146484375,5503.41015625,19.899999618530273
2024-09-06,395.45306396484375,5408.419921875,22.3799991607666
2024-09-09,399.4106140136719,5471.0498046875,19.450000762939453
2024-09-10,407.7586669921875,5495.52001953125,19.079999923706055
2024-09-11,416.4611511230469,5554.1298828125,17.690000534057617
2024-09-12,420.35955810546875,5595.759765625,17.06999969482422
2024-09-13,423.8937683105469,5626.02001953125,16.559999465942383
2024-09-16,424.632080078125,5633.08984375,17.139999389648438
2024-09-17,428.3828430175781,5634.580078125,17.610000610351562
2024-09-18,424.1103210449219,5618.259765625,18.229999542236328
2024-09-19,431.8677978515625,5713.64013671875,16.329999923706055
2024-09-20,428.5009765625,5702.5498046875,16.149999618530273
2024-09-23,426.76837158203125,5718.56982421875,15.890000343322754
2024-09-24,422.495849609375,5732.93017578125,15.390000343322754
2024-09-25,425.39013671875,5722.259765625,15.40999984741211
2024-09-26,424.6025695800781,5745.3701171875,15.369999885559082
2024-09-27,421.3636779785156,5738.169921875,16.959999084472656
2024-09-30,423.6082763671875,5762.47998046875,16.729999542236328
2024-10-01,414.147705078125,5708.75,19.260000228881836
2024-10-02,410.6431579589844,5709.5400390625,18.899999618530273
2024-10-03,410.0622863769531,5699.93994140625,20.489999771118164
2024-10-04,409.5897216796875,5751.06982421875,19.209999084472656
2024-10-07,403.171142578125,5695.93994140625,22.639999389648438
2024-10-08,408.2607116699219,5751.1298828125,21.420000076293945
2024-10-09,410.9678649902344,5792.0400390625,20.860000610351562
2024-10-10,409.3731384277344,5780.0498046875,20.93000030517578
2024-10-11,409.845703125,5815.02978515625,20.459999084472656
2024-10-14,412.6217956542969,5859.85009765625,19.700000762939453
2024-10-15,412.2280578613281,5815.259765625,20.639999389648438
2024-10-16,409.6487731933594,5842.47021484375,19.579999923706055
2024-10-17,410.2394714355469,5841.47021484375,19.110000610351562
2024-10-18,411.6571044921875,5864.669921875,18.030000686645508
2024-10-21,412.2674255371094,5853.97998046875,18.3700008392334
2024-10-22,420.86163330078125,5851.2001953125,18.200000762939453
2024-10-23,417.9969177246094,5797.419921875,19.239999771118164
2024-10-24,418.1249084472656,5809.85986328125,19.079999923706055
2024-10-25,421.49169921875,5808.1201171875,20.329999923706055
2024-10-28,419.95599365234375,5823.52001953125,19.799999237060547
2024-10-29,425.23260498046875,5832.919921875,19.34000015258789
2024-10-30,425.8035888671875,5813.669921875,20.350000381469727
2024-10-31,400.0307312011719,5705.4501953125,23.15999984741211
2024-11-01,403.98822021484375,5728.7998046875,21.8799991607666
2024-11-04,402.1078796386719,5712.68994140625,21.979999542236328
2024-11-05,405.06121826171875,5782.759765625,20.489999771118164
2024-11-06,413.6456298828125,5929.0400390625,16.270000457763672
2024-11-07,418.81402587890625,5973.10009765625,15.199999809265137
2024-11-08,415.9689636230469,5995.5400390625,14.9399995803833
2024-11-11,411.5093994140625,6001.35009765625,14.970000267028809
2024-11-12,416.45135498046875,5983.990234375,14.710000038146973
2024-11-13,418.587646484375,5985.3798828125,14.020000457763672
2024-11-14,420.25128173828125,5949.169921875,14.3100004196167
2024-11-15,408.5461730957031,5870.6201171875,16.139999389648438
2024-11-18,409.29443359375,5893.6201171875,15.579999923706055
2024-11-19,411.2928466796875,5916.97998046875,16.350000381469727
2024-11-20,409.02862548828125,5917.10986328125,17.15999984741211
2024-11-21,407.2629089355469,5948.7099609375,16.8700008392334
2024-11-22,411.3367614746094,5969.33984375,15.239999771118164
2024-11-25,413.10247802734375,5987.3701171875,14.600000381469727
2024-11-26,422.1775207519531,6021.6298828125,14.100000381469727
2024-11-27,417.2454528808594,5998.740234375,14.100000381469727
2024-11-29,417.7090759277344,6032.3798828125,13.510000228881836
2024-12-02,425.126953125,6047.14990234375,13.34000015258789
2024-12-03,425.3439636230469,6049.8798828125,13.300000190734863
2024-12-04,431.4794921875,6086.490234375,13.449999809265137
2024-12-05,436.6088562011719,6075.10986328125,13.539999961853027
2024-12-06,437.54595947265625,6090.27001953125,12.770000457763672
2024-12-09,439.96270751953125,6052.85009765625,14.1899995803833
2024-12-10,437.3092346191406,6034.91015625,14.180000305175781
2024-12-11,442.892333984375,6084.18994140625,13.579999923706055
2024-12-12,443.4546203613281,6051.25,13.920000076293945
2024-12-13,441.1957092285156,6051.08984375,13.8100004196167
2024-12-16,445.45703125,6074.080078125,14.6899995803833
2024-12-17,448.2880554199219,6050.60986328125,15.869999885559082
2024-12-18,431.4499206542969,5872.16015625,27.6200008392334
2024-12-19,431.09478759765625,5867.080078125,24.09000015258789
2024-12-20,430.670654296875,5930.85009765625,18.360000610351562
2024-12-23,429.3388977050781,5974.06982421875,16.780000686645508
2024-12-24,433.3634948730469,6040.0400390625,14.270000457763672
2024-12-26,432.1601257324219,6037.58984375,14.729999542236328
2024-12-27,424.6830749511719,5970.83984375,15.949999809265137
2024-12-30,419.0604553222656,5906.93994140625,17.399999618530273
2024-12-31,415.77569580078125,5881.6298828125,17.350000381469727
2025-01-02,412.89532470703125,5868.5498046875,17.93000030517578
2025-01-03,417.6005859375,5942.47021484375,16.1299991607666
2025-01-06,422.03948974609375,5975.3798828125,16.040000915527344
2025-01-07,416.63385009765625,5909.02978515625,17.81999969482422
2025-01-08,418.794189453125,5918.25,17.700000762939453
2025-01-10,413.2603759765625,5827.0400390625,19.540000915527344
2025-01-13,411.52423095703125,5836.22021484375,19.190000534057617
2025-01-14,410.0248718261719,5842.91015625,18.709999084472656
2025-01-15,420.5203552246094,5949.91015625,16.1200008392334
2025-01-16,418.81378173828125,5937.33984375,16.600000381469727
2025-01-17,423.2033996582031,5996.66015625,15.970000267028809
2025-01-21,422.6806335449219,6049.240234375,15.0600004196167
2025-01-22,440.1402893066406,6086.3701171875,15.100000381469727
2025-01-23,440.64337158203125,6118.7099609375,15.020000457763672
2025-01-24,438.029296875,6101.240234375,14.850000381469727
2025-01-27,428.6582946777344,6012.27978515625,17.899999618530273
2025-01-28,441.1266784667969,6067.7001953125,16.40999984741211
2025-01-29,436.3227844238281,6039.31005859375,16.559999465942383
2025-01-30,409.3541259765625,6071.169921875,15.84000015258789
2025-01-31,409.4231262207031,6040.52978515625,16.43000030517578
2025-02-03,405.33935546875,5994.56982421875,18.6200008392334
2025-02-04,406.7696838378906,6037.8798828125,17.209999084472656
2025-02-05,407.67718505859375,6061.47998046875,15.770000457763672
2025-02-06,410.1728210449219,6083.56982421875,15.5
2025-02-07,404.18524169921875,6025.990234375,16.540000915527344
2025-02-10,406.6217041015625,6066.43994140625,15.8100004196167
2025-02-11,405.8523254394531,6068.5,16.020000457763672
2025-02-12,403.48492431640625,6051.97021484375,15.890000343322754
2025-02-13,404.9645080566406,6115.06982421875,15.100000381469727
2025-02-14,402.8832092285156,6114.6298828125,14.770000457763672
2025-02-18,404.0767517089844,6129.580078125,15.350000381469727
2025-02-19,409.1370849609375,6144.14990234375,15.270000457763672
2025-02-20,411.30169677734375,6117.52001953125,15.65999984741211
2025-02-21,403.47357177734375,6013.1298828125,18.209999084472656
2025-02-24,399.3124084472656,5983.25,18.979999542236328
2025-02-25,393.283203125,5955.25,19.43000030517578
2025-02-26,395.09197998046875,5956.06005859375,19.100000381469727
2025-02-27,387.97552490234375,5861.56982421875,21.1299991607666
2025-02-28,392.3837585449219,5954.5,19.6299991607666
2025-03-03,383.9823913574219,5849.72021484375,22.780000686645508
2025-03-04,384.1009521484375,5778.14990234375,23.510000228881836
2025-03-05,396.3669738769531,5842.6298828125,21.93000030517578
2025-03-06,392.28497314453125,5738.52001953125,24.8700008392334
2025-03-07,388.7464294433594,5770.2001953125,23.3700008392334
2025-03-10,375.7490234375,5614.56005859375,27.860000610351562
2025-03-11,376.03570556640625,5572.06982421875,26.920000076293945
2025-03-12,378.82293701171875,5599.2998046875,24.229999542236328
2025-03-13,374.3751220703125,5521.52001953125,24.65999984741211
2025-03-14,384.05157470703125,5638.93994140625,21.770000457763672
2025-03-17,384.1899719238281,5675.1201171875,20.510000228881836
2025-03-18,379.0700378417969,5614.66015625,21.700000762939453
2025-03-19,383.3201599121094,5675.2900390625,19.899999618530273
2025-03-20,382.3515625,5662.89013671875,19.799999237060547
2025-03-21,386.7202453613281,5667.56005859375,19.280000686645508
2025-03-24,388.5190734863281,5767.56982421875,17.479999542236328
2025-03-25,390.5749816894531,5776.64990234375,17.149999618530273
2025-03-26,385.4452209472656,5712.2001953125,18.329999923706055
2025-03-27,386.048095703125,5693.31005859375,18.690000534057617
2025-03-28,374.4048156738281,5580.93994140625,21.649999618530273
2025-03-31,371.0343933105469,5611.85009765625,22.280000686645508
2025-04-01,377.7554626464844,5633.06982421875,21.770000457763672
2025-04-02,377.7060546875,5670.97021484375,21.510000228881836
2025-04-03,368.78082275390625,5396.52001953125,30.020000457763672
2025-04-04,355.664794921875,5074.080078125,45.310001373291016
2025-04-07,353.7077941894531,5062.25,46.97999954223633
2025-04-08,350.44610595703125,4982.77001953125,52.33000183105469
2025-04-09,385.9591369628906,5456.89990234375,33.619998931884766
2025-04-10,376.92523193359375,5268.0498046875,40.720001220703125
2025-04-11,383.9429016113281,5363.35986328125,37.560001373291016
2025-04-14,383.310302734375,5405.97021484375,30.889999389648438
2025-04-15,381.2544250488281,5396.6298828125,30.1200008392334
2025-04-16,367.2982177734375,5275.7001953125,32.63999938964844
2025-04-17,363.51263427734375,5282.7001953125,29.649999618530273
2025-04-21,354.9531555175781,5158.2001953125,33.81999969482422
2025-04-22,362.5638427734375,5287.759765625,30.56999969482422
2025-04-23,370.0459899902344,5375.85986328125,28.450000762939453
2025-04-24,382.8061828613281,5484.77001953125,26.469999313354492
2025-04-25,387.30340576171875,5525.2099609375,24.84000015258789
2025-04-28,386.6214294433594,5528.75,25.149999618530273
2025-04-29,389.468017578125,5560.830078125,24.170000076293945
2025-04-30,390.6737976074219,5569.06005859375,24.700000762939453
2025-05-01,420.46417236328125,5604.14013671875,24.600000381469727
2025-05-02,430.2294921875,5686.669921875,22.68000030517578
2025-05-05,431.1091613769531,5650.3798828125,23.639999389648438
2025-05-06,428.2823486328125,5606.91015625,24.760000228881836
2025-05-07,428.3218688964844,5631.27978515625,23.549999237060547
2025-05-08,433.08599853515625,5663.93994140625,22.479999542236328
2025-05-09,433.6394348144531,5659.91015625,21.899999618530273
2025-05-12,444.0472717285156,5844.18994140625,18.389999389648438
2025-05-13,443.9287109375,5886.5498046875,18.219999313354492
2025-05-14,447.6846008300781,5892.580078125,18.6200008392334
2025-05-15,448.6946105957031,5916.93017578125,17.829999923706055
2025-05-16,449.8233947753906,5958.3798828125,17.239999771118164
2025-05-19,454.3784484863281,5963.60009765625,18.139999389648438
2025-05-20,453.685302734375,5940.4599609375,18.09000015258789
2025-05-21,448.1401062011719,5844.60986328125,20.8700008392334
2025-05-22,450.40765380859375,5842.009765625,20.280000686645508
2025-05-23,445.7734680175781,5802.81982421875,22.290000915527344
2025-05-27,456.1806335449219,5921.5400390625,18.959999084472656
2025-05-28,452.8831787109375,5888.5498046875,19.309999465942383
2025-05-29,454.1902770996094,5912.169921875,19.18000030517578
2025-05-30,455.85382080078125,5911.68994140625,18.56999969482422
2025-06-02,457.44805908203125,5935.93994140625,18.360000610351562
2025-06-03,458.4382629394531,5970.3701171875,17.690000534057617
2025-06-04,459.3294372558594,5970.81005859375,17.610000610351562
2025-06-05,463.1022033691406,5939.2998046875,18.479999542236328
2025-06-06,465.7757568359375,6000.35986328125,16.770000457763672
2025-06-09,468.12255859375,6005.8798828125,17.15999984741211
2025-06-10,466.31048583984375,6038.81005859375,16.950000762939453
2025-06-11,467.99383544921875,6022.240234375,17.260000228881836
2025-06-12,474.1826171875,6045.259765625,18.020000457763672
2025-06-13,470.3109130859375,5976.97021484375,20.81999969482422
2025-06-16,474.45001220703125,6033.10986328125,19.110000610351562
2025-06-17,473.36077880859375,5982.72021484375,21.600000381469727
2025-06-18,475.53924560546875,5980.8701171875,20.139999389648438
2025-06-20,472.7270202636719,5967.83984375,20.6200008392334
2025-06-23,481.24285888671875,6025.169921875,19.829999923706055
2025-06-24,485.3125915527344,6092.18017578125,17.479999542236328
2025-06-25,487.45147705078125,6092.16015625,16.760000228881836
2025-06-26,492.580810546875,6141.02001953125,16.59000015258789
2025-06-27,491.0855407714844,6173.06982421875,16.31999969482422
2025-06-30,492.5411682128906,6204.9501953125,16.729999542236328
2025-07-01,487.233642578125,6198.009765625,16.829999923706055
2025-07-02,486.2830505371094,6227.419921875,16.639999389648438
2025-07-03,493.9571838378906,6279.35009765625,16.3799991607666
2025-07-07,492.8481140136719,6229.97998046875,17.790000915527344
2025-07-08,491.7588806152344,6225.52001953125,16.809999465942383
2025-07-09,498.58148193359375,6263.259765625,15.9399995803833
2025-07-10,496.57135009765625,6280.4599609375,15.779999732971191
2025-07-11,498.3933410644531,6259.75,16.399999618530273
2025-07-14,498.09625244140625,6268.56005859375,17.200000762939453
2025-07-15,500.868896484375,6243.759765625,17.3799991607666
2025-07-16,500.67083740234375,6263.7001953125,17.15999984741211
2025-07-17,506.6913146972656,6297.35986328125,16.520000457763672
2025-07-18,505.0574645996094,6296.7900390625,16.40999984741211
2025-07-21,505.06732177734375,6305.60009765625,16.649999618530273
2025-07-22,500.3242492675781,6309.6201171875,16.5
2025-07-23,500.9183654785156,6358.91015625,15.369999885559082
2025-07-24,505.8793029785156,6363.35009765625,15.390000343322754
2025-07-25,508.681640625,6388.64013671875,14.930000305175781
2025-07-28,507.48345947265625,6389.77001953125,15.029999732971191
2025-07-29,507.55279541015625,6370.85986328125,15.979999542236328
2025-07-30,508.21624755859375,6362.89990234375,15.479999542236328
2025-07-31,528.27783203125,6339.39013671875,16.719999313354492
2025-08-01,518.9797973632812,6238.009765625,20.3799991607666
2025-08-04,530.3969116210938,6329.93994140625,17.520000457763672
2025-08-05,522.584228515625,6299.18994140625,17.850000381469727
2025-08-06,519.8016967773438,6345.06005859375,16.770000457763672
2025-08-07,515.7418212890625,6340.0,16.56999969482422
2025-08-08,516.9300537109375,6389.4501953125,15.149999618530273
2025-08-11,516.6627807617188,6373.4501953125,16.25
2025-08-12,524.0595703125,6445.759765625,14.729999542236328
2025-08-13,515.4844360351562,6466.580078125,14.489999771118164
2025-08-14,517.36572265625,6468.5400390625,14.829999923706055
2025-08-15,515.078369140625,6449.7998046875,15.09000015258789
2025-08-18,512.0383911132812,6449.14990234375,14.989999771118164
2025-08-19,504.78021240234375,6411.3701171875,15.569999694824219
2025-08-20,500.7698669433594,6395.77978515625,15.6899995803833
2025-08-21,500.1251220703125,6370.169921875,16.600000381469727
2025-08-22,503.09075927734375,6466.91015625,14.220000267028809
2025-08-25,500.1449890136719,6439.31982421875,14.789999961853027
2025-08-26,497.9430847167969,6465.93994140625,14.619999885559082
2025-08-27,502.604736328125,6481.39990234375,14.850000381469727
2025-08-28,505.4810791015625,6501.85986328125,14.430000305175781
2025-08-29,502.5551452636719,6460.259765625,15.359999656677246
2025-09-02,500.9979248046875,6415.5400390625,17.170000076293945
2025-09-03,501.22607421875,6448.259765625,16.350000381469727
2025-09-04,503.82470703125,6502.080078125,15.300000190734863
2025-09-05,490.9605407714844,6481.5,15.180000305175781
2025-09-08,494.1344299316406,6495.14990234375,15.109999656677246
2025-09-09,494.3426818847656,6512.60986328125,15.039999961853027
2025-09-10,496.2867431640625,6532.0400390625,15.350000381469727
2025-09-11,496.9215087890625,6587.47021484375,14.710000038146973
2025-09-12,505.73895263671875,6584.2900390625,14.760000228881836
2025-09-15,511.1543884277344,6615.27978515625,15.6899995803833
2025-09-16,504.8859558105469,6606.759765625,16.360000610351562
2025-09-17,505.85797119140625,6600.35009765625,15.720000267028809
2025-09-18,504.30078125,6631.9599609375,15.699999809265137
2025-09-19,513.7034912109375,6664.35986328125,15.449999809265137
2025-09-22,510.2518310546875,6693.75,16.100000381469727
2025-09-23,505.0744323730469,6656.919921875,16.639999389648438
2025-09-24,505.9869079589844,6637.97021484375,16.18000030517578
2025-09-25,502.8923645019531,6604.72021484375,16.739999771118164
2025-09-26,507.28619384765625,6643.7001953125,15.289999961853027
2025-09-29,510.4005126953125,6661.2099609375,16.1200008392334
2025-09-30,513.7232666015625,6688.4599609375,16.280000686645508
2025-10-01,515.4688720703125,6711.2001953125,16.290000915527344
2025-10-02,511.53131103515625,6715.35009765625,16.6299991607666
2025-10-03,513.1281127929688,6715.7900390625,16.649999618530273
2025-10-06,524.256591796875,6740.27978515625,16.3700008392334
2025-10-07,519.7039794921875,6714.58984375,17.239999771118164
2025-10-08,520.56689453125,6753.72021484375,16.299999237060547
2025-10-09,518.136962890625,6735.10986328125,16.43000030517578
2025-10-10,506.790283203125,6552.509765625,21.65999984741211
2025-10-13,509.8550720214844,6654.72021484375,19.030000686645508
2025-10-14,509.3789978027344,6644.31005859375,20.809999465942383
2025-10-15,509.2401428222656,6671.06005859375,20.639999389648438
2025-10-16,507.43499755859375,6629.06982421875,25.309999465942383
2025-10-17,509.38897705078125,6664.009765625,20.780000686645508
2025-10-20,512.57275390625,6735.1298828125,18.229999542236328
2025-10-21,513.4356079101562,6735.35009765625,17.8700008392334
2025-10-22,516.2920532226562,6699.39990234375,18.600000381469727
2025-10-23,516.3119506835938,6738.43994140625,17.299999237060547
2025-10-24,519.3370361328125,6791.68994140625,16.3700008392334
2025-10-27,527.1825561523438,6875.16015625,15.789999961853027
2025-10-28,537.6464233398438,6890.89013671875,16.420000076293945
2025-10-29,537.130615234375,6890.58984375,16.920000076293945
2025-10-30,521.469482421875,6822.33984375,16.90999984741211
2025-10-31,513.5843505859375,6840.2001953125,17.440000534057617
2025-11-03,512.8107299804688,6851.97021484375,17.170000076293945
2025-11-04,510.1328430175781,6771.5498046875,19.0
2025-11-05,503.0213317871094,6796.2900390625,18.010000228881836
2025-11-06,493.04339599609375,6720.31982421875,19.5
2025-11-07,492.76568603515625,6728.7998046875,19.079999923706055
2025-11-10,501.8707580566406,6832.43017578125,17.600000381469727
2025-11-11,504.5289001464844,6846.60986328125,17.280000686645508
2025-11-12,506.9688415527344,6850.919921875,17.510000228881836
2025-11-13,499.1828918457031,6737.490234375,20.0
2025-11-14,506.01666259765625,6734.10986328125,19.829999923706055
2025-11-17,503.34857177734375,6672.41015625,22.3799991607666
2025-11-18,489.76043701171875,6617.31982421875,24.690000534057617
2025-11-19,483.14483642578125,6642.16015625,23.65999984741211
2025-11-20,475.41387939453125,6538.759765625,26.420000076293945
2025-11-21,469.1436462402344,6602.990234375,23.43000030517578
2025-11-24,471.0118103027344,6705.1201171875,20.520000457763672
2025-11-25,473.9829406738281,6765.8798828125,18.559999465942383
2025-11-26,482.4393310546875,6812.60986328125,17.190000534057617
2025-11-28,488.9082946777344,6849.08984375,16.350000381469727
2025-12-01,483.6714782714844,6812.6298828125,17.239999771118164
2025-12-02,486.91094970703125,6829.3701171875,16.59000015258789
2025-12-03,474.7182922363281,6849.72021484375,16.079999923706055
2025-12-04,477.8087158203125,6857.1201171875,15.779999732971191
2025-12-05,480.11407470703125,6870.39990234375,15.40999984741211
2025-12-08,487.9245300292969,6846.509765625,16.65999984741211
2025-12-09,488.9181823730469,6840.509765625,16.93000030517578
2025-12-10,475.5430908203125,6886.68017578125,15.770000457763672
2025-12-11,480.422119140625,6901.0,14.850000381469727
2025-12-12,475.51324462890625,6827.41015625,15.739999771118164
2025-12-15,471.82666015625,6816.509765625,16.5
2025-12-16,473.38677978515625,6800.259765625,16.479999542236328
2025-12-17,473.1184387207031,6721.43017578125,17.6200008392334
2025-12-18,480.92889404296875,6774.759765625,16.8700008392334
2025-12-19,482.8566589355469,6834.5,14.90999984741211
2025-12-22,481.8630065917969,6878.490234375,14.079999923706055
2025-12-23,483.7807922363281,6909.7900390625,14.0
2025-12-24,484.94342041015625,6932.0498046875,13.470000267028809
2025-12-26,484.6353759765625,6929.93994140625,13.600000381469727
2025-12-29,484.02923583984375,6905.740234375,14.199999809265137
2025-12-30,484.4068298339844,6896.240234375,14.329999923706055
2025-12-31,480.5711669921875,6845.5,14.949999809265137
2026-01-02,469.95849609375,6858.47021484375,14.510000228881836
2026-01-05,469.8691101074219,6902.0498046875,14.899999618530273
2026-01-06,475.493408203125,6944.81982421875,14.75
2026-01-07,480.422119140625,6920.93017578125,15.380000114440918
2026-01-08,475.09588623046875,6921.4599609375,15.449999809265137
2026-01-09,476.2585144042969,6966.27978515625,14.489999771118164
2026-01-12,474.1717529296875,6977.27001953125,15.119999885559082
2026-01-13,467.70281982421875,6963.740234375,15.979999542236328
2026-01-14,456.4839782714844,6926.60009765625,16.75
2026-01-15,453.7811279296875,6944.47021484375,15.84000015258789
2026-01-16,456.9609375,6940.009765625,15.859999656677246
2026-01-20,451.6546325683594,6796.85986328125,20.09000015258789
2026-01-21,441.31024169921875,6875.6201171875,16.899999618530273
2026-01-22,448.2959289550781,6913.35009765625,15.640000343322754
2026-01-23,463.0125732421875,6915.60986328125,16.09000015258789
2026-01-26,467.3152770996094,6950.22998046875,16.149999618530273
2026-01-27,477.5503234863281,6978.60009765625,16.350000381469727
2026-01-28,478.5937194824219,6978.02978515625,16.350000381469727
2026-01-29,430.76715087890625,6969.009765625,16.8799991607666
2026-01-30,427.577392578125,6939.02978515625,17.440000534057617
2026-02-02,420.7010192871094,6976.43994140625,16.34000015258789
2026-02-03,408.6176452636719,6917.81005859375,18.0
2026-02-04,411.578857421875,6882.72021484375,18.639999389648438
2026-02-05,391.188232421875,6798.39990234375,21.770000457763672
2026-02-06,398.61114501953125,6932.2998046875,20.3700008392334
2026-02-09,410.9925842285156,6964.81982421875,17.360000610351562
2026-02-10,410.6646728515625,6941.81005859375,17.790000915527344
2026-02-11,401.8207702636719,6941.47021484375,17.649999618530273
2026-02-12,399.30670166015625,6832.759765625,20.81999969482422
2026-02-13,398.7900085449219,6836.169921875,20.600000381469727
2026-02-17,394.3581237792969,6843.22021484375,20.290000915527344
2026-02-18,397.08087158203125,6881.31005859375,19.6200008392334
2026-02-19,396.8517761230469,6861.89013671875,20.229999542236328
2026-02-20,395.6267395019531,6909.509765625,19.09000015258789
2026-02-23,382.918212890625,6837.75,21.010000228881836
2026-02-24,387.4299621582031,6890.06982421875,19.549999237060547
2026-02-25,398.9831237792969,6946.1298828125,17.93000030517578
2026-02-26,400.0986022949219,6908.85986328125,18.6299991607666
2026-02-27,391.15484619140625,6878.8798828125,19.860000610351562
2026-03-02,396.9413757324219,6881.6201171875,21.440000534057617
2026-03-03,402.2996826171875,6816.6298828125,23.56999969482422
2026-03-04,403.5645751953125,6869.5,21.149999618530273
2026-03-05,409.0224304199219,6830.7099609375,23.75
2026-03-06,407.30938720703125,6740.02001953125,29.489999771118164
2026-03-09,407.757568359375,6795.990234375,25.5
2026-03-10,404.122314453125,6781.47998046875,24.93000030517578
2026-03-11,403.245849609375,6775.7998046875,24.229999542236328
2026-03-12,400.238037109375,6672.6201171875,27.290000915527344
2026-03-13,393.9534912109375,6632.18994140625,27.190000534057617
2026-03-16,398.33575439453125,6699.3798828125,23.510000228881836
2026-03-17,397.79791259765625,6716.08984375,22.3700008392334
2026-03-18,390.2087097167969,6624.7001953125,25.09000015258789
2026-03-19,387.4498596191406,6606.490234375,24.059999465942383
2026-03-20,380.3287353515625,6506.47998046875,26.780000686645508
2026-03-23,381.4541931152344,6581.0,26.149999618530273
2026-03-24,371.2355651855469,6556.3701171875,26.950000762939453
2026-03-25,369.5424499511719,6591.89990234375,25.329999923706055
2026-03-26,364.492919921875,6477.16015625,27.440000534057617
2026-03-27,355.33001708984375,6368.85009765625,31.049999237060547
2026-03-30,357.51116943359375,6343.72021484375,30.610000610351562
2026-03-31,368.67596435546875,6528.52001953125,25.25
2026-04-01,367.8791809082031,6575.31982421875,24.540000915527344
2026-04-02,371.9526672363281,6582.68994140625,23.8700008392334
2026-04-06,371.375,6611.830078125,24.170000076293945
2026-04-07,370.78741455078125,6616.85009765625,25.780000686645508
2026-04-08,372.81915283203125,6782.81005859375,21.040000915527344
2026-04-09,371.56427001953125,6824.66015625,19.489999771118164
2026-04-10,369.3731384277344,6816.89013671875,19.229999542236328
2026-04-13,382.8186340332031,6886.240234375,19.1200008392334
2026-04-14,391.5233459472656,6967.3798828125,18.360000610351562
2026-04-15,409.5602722167969,7022.9501953125,18.170000076293945
2026-04-16,418.56378173828125,7041.27978515625,17.940000534057617
2026-04-17,421.0835876464844,7126.06005859375,17.479999542236328
2026-04-20,416.38262939453125,7109.14013671875,18.8700008392334
2026-04-21,422.44805908203125,7064.009765625,19.5
2026-04-22,431.1726989746094,7137.89990234375,18.920000076293945
2026-04-23,414.07196044921875,7108.39990234375,19.309999465942383
2026-04-24,422.90618896484375,7165.080078125,18.709999084472656
2026-04-27,423.1053771972656,7173.91015625,18.020000457763672
2026-04-28,427.5174865722656,7138.7998046875,17.829999923706055
2026-04-29,422.7467956542969,7135.9501953125,18.809999465942383
2026-04-30,406.1341552734375,7209.009765625,16.889999389648438
